"StoreId","StoreName","CompleteStoreName","FoodType","AverageRating","Reviewers","City","Location"
"h657","Healthy To Go ","Healthy To Go - Paseo de Bacoor","Healthy","4.8","(100+)","Bacoor Cavite","Paseo de Bacoor"
"mdy5","Sulit Shawarma! ","Sulit Shawarma! - Paseo De Bacoor","Middle Eastern","4.7","(100+)","Bacoor Cavite","Paseo De Bacoor"
"sao1","24/7 Super Healthy ","24/7 Super Healthy - Paseo de Bacoor","Filipino","4.8","(100+)","Bacoor Cavite","Paseo de Bacoor"
"d8sh","Chic Cafe ","Chic Cafe - Molino","Coffee","5","(2)","Bacoor Cavite","Molino"
"ln2j","Papa Fritoes ","Papa Fritoes - Molino","Fried Chicken","4.8","(95)","Bacoor Cavite","Molino"
"lr8l","The Green Menu ","The Green Menu - Paseo de Bacoor","Healthy","4.8","(100+)","Bacoor Cavite","Paseo de Bacoor"
"fjst","Old Recipe Restaurant (Lapaz Batchoy) ","Old Recipe Restaurant (Lapaz Batchoy) -  Addas","Filipino","4.3","(100+)","Bacoor Cavite","Addas"
"q2sq","Tapa King ","Tapa King - V Central-Mall Molino","Filipino","4.7","(1000+)","Bacoor Cavite","Mall Molino"
"e2xm","Marlon's Special Pancit Malabon ","Marlon's Special Pancit Malabon - A and L Building","Sinigang","4.9","(100+)","Bacoor Cavite","A and L Building"
"ol1m","Bagwings ","Bagwings - Bacoor Blvd","Filipino","4.6","(2000+)","Bacoor Cavite","Bacoor Blvd"
"zmjm","Timplang Pinoy: Filipino Eats ","Timplang Pinoy: Filipino Eats - Paseo De Bacoor","Liempo","4.7","(64)","Bacoor Cavite","Paseo De Bacoor"
"bcw7","Domino's Pizza ","Domino's Pizza - Molino II","Pizza","4.4","(500+)","Bacoor Cavite","Molino II"
"c30b","Grab Tapsi & Tea ","Grab Tapsi & Tea - Narra Street","Filipino","4.5","(93)","Bacoor Cavite","Narra Street"
"aods","Unc's Restobar ","Unc's Restobar - Bacoor","Filipino","4.5","(500+)","Bacoor Cavite","Bacoor"
"do8k","Burger Beast (Chef Carlo Miguel) ","Burger Beast (Chef Carlo Miguel) - Paseo de Bacoor","Burgers","4.7","(100+)","Bacoor Cavite","Paseo de Bacoor"
"c8hn","Rhian Ramos' Healthy Appetite ","Rhian Ramos' Healthy Appetite - Paseo de Bacoor","Wraps","4.6","(100+)","Bacoor Cavite","Paseo de Bacoor"
"fcxs","Starbucks ","Starbucks - Molino Boulevard","Coffee","4.6","(2000+)","Bacoor Cavite","Molino Boulevard"
"b5qr","Tori Kraze ","Tori Kraze - Paseo De Bacoor","Japanese","4.6","(100+)","Bacoor Cavite","Paseo De Bacoor"
"r6ej","Toss Eat Bar and Restaurant ","Toss Eat Bar and Restaurant - Paseo de Bacoor","Chicken Wings","4.8","(2000+)","Bacoor Cavite","Paseo de Bacoor"
"qay4","Lugaw Juan ","Lugaw Juan - Molino","Filipino","4.5","(500+)","Bacoor Cavite","Molino"
"pyf1","Mangguo ","Mangguo - Bacoor","Fruit Shake","3.9","(100+)","Bacoor Cavite","Bacoor"
"j8t7","Great Greens: Salads & Grains ","Great Greens: Salads & Grains - Paseo de Bacoor","Healthy","4.8","(500+)","Bacoor Cavite","Paseo de Bacoor"
"tgos","Hummus Express ","Hummus Express - Paseo de Bacoor","Middle Eastern","4.8","(100+)","Bacoor Cavite","Paseo de Bacoor"
"k58a","DAKS Shawarma by Boys Night Out ","DAKS Shawarma by Boys Night Out - Paseo de Bacoor","Shawarma","4.8","(100+)","Bacoor Cavite","Paseo de Bacoor"
"aqom","Mr. Mediterranean ","Mr. Mediterranean - Paseo de Bacoor","Middle Eastern","4.4","(100+)","Bacoor Cavite","Paseo de Bacoor"
"ne98","Conti's Bakeshop and Restaurant ","Conti's Bakeshop and Restaurant - Molino Cavite","Cakes","4.8","(500+)","Bacoor Cavite","Molino Cavite"
"d7pe","Smash It: Burgers & More ","Smash It: Burgers & More - Paseo de Bacoor","American","4.7","(500+)","Bacoor Cavite","Paseo de Bacoor"
"r5fu","Dam","Dam-Dobs Tapsilogan","Filipino","4.7","(3000+)","Bacoor Cavite","Dobs Tapsilogan"
"i7en","Jmiels Pizza House ","Jmiels Pizza House - Soldier's Molino","Pizza","4.9","(29)","Bacoor Cavite","Soldier's Molino"
"qt4n","Eat Sulit ","Eat Sulit - Paseo de Bacoor","Chicken","4.7","(500+)","Bacoor Cavite","Paseo de Bacoor"
"fkt0","24/7 Wings ","24/7 Wings - Paseo de Bacoor","Chicken","4.7","(100+)","Bacoor Cavite","Paseo de Bacoor"
"jm72","Lugaw Daddy ","Lugaw Daddy - Paseo de Bacoor","Filipino","4.7","(91)","Bacoor Cavite","Paseo de Bacoor"
"vfb9","Cloudmeets ","Cloudmeets - Soldier Hills","Burgers","4.8","(31)","Bacoor Cavite","Soldier Hills"
"pu2r","Super Chicken Tenders ","Super Chicken Tenders - Paseo de Bacoor","Chicken","4.6","(500+)","Bacoor Cavite","Paseo de Bacoor"
"e7oz","Rice and Shine ","Rice and Shine - Paseo de Bacoor","Silog","4.7","(500+)","Bacoor Cavite","Paseo de Bacoor"
"t0t9","Woozy Pig Restaurant ","Woozy Pig Restaurant - Molino","Filipino","4.7","(1000+)","Bacoor Cavite","Molino"
"zk5e","Setsuna ","Setsuna - Molino 2","Japanese","4.4","(500+)","Bacoor Cavite","Molino 2"
"ckg6","99 Peso Rice Bowls To Go ","99 Peso Rice Bowls To Go - Paseo de Bacoor","Rice Bowl","4.7","(100+)","Bacoor Cavite","Paseo de Bacoor"
"szm5","Beef Street Burgers ","Beef Street Burgers - Paseo de Bacoor","American","4.6","(55)","Bacoor Cavite","Paseo de Bacoor"
"euch","24/7 Eats ","24/7 Eats - Paseo de Bacoor","Filipino","4.8","(100+)","Bacoor Cavite","Paseo de Bacoor"
"jnky","PICKUP COFFEE ","PICKUP COFFEE - WalterMart Bacoor","Coffee","4.7","(500+)","Bacoor Cavite","WalterMart Bacoor"
"j2ww","Swafta's Shawarma ","Swafta's Shawarma - Paseo de Bacoor","Middle Eastern","4.7","(75)","Bacoor Cavite","Paseo de Bacoor"
"w9rx","55 Pares ","55 Pares - Molino","Filipino","4.3","(100+)","Bacoor Cavite","Molino"
"qek9","Binakol Grill and Restaurant ","Binakol Grill and Restaurant - Molino Boulevard","Ulam","4.7","(68)","Bacoor Cavite","Molino Boulevard"
"d62t","Zagu ","Zagu - RFC Molino Mall","Beverages","4.7","(500+)","Bacoor Cavite","RFC Molino Mall"
"qsqd","St. Martin's Cafe ","St. Martin's Cafe - F. Lamas","Milk Tea","3.4","(11)","Cebu City","F. Lamas"
"yr98","Sebu Cha Cafe ","Sebu Cha Cafe - P Del Rosario","Beverages","5","(36)","Cebu City","P Del Rosario"
"f399","Mister Donut ","Mister Donut - Elizabeth MallÂ ","Donut","4.8","(100+)","Cebu City","Elizabeth MallÂ"
"nfvu","Seoul Ramen by Sulbing Dessert Cafe ","Seoul Ramen by Sulbing Dessert Cafe - Parian","Ramen","4.3","(100+)","Cebu City","Parian"
"o4f8","PICKUP COFFEE ","PICKUP COFFEE - Elizabeth Mall","Coffee","4.7","(100+)","Cebu City","Elizabeth Mall"
"uisq","Ate Rica's Bacsilog ","Ate Rica's Bacsilog - Elizabeth Mall","Silog","4.7","(100+)","Cebu City","Elizabeth Mall"
"w9if","Bubble & Brew ","Bubble & Brew - Talamban","Asian","4.6","(500+)","Cebu City","Talamban"
"gco1","Food Trip sa ","Food Trip sa - Sambag I","Desserts","3.2","(4)","Cebu City","Sambag I"
"x6aj","The Royal Tea Station ","The Royal Tea Station - T Padilla Street","Milk Tea","4.6","(100+)","Cebu City","T Padilla Street"
"p6up","Kaffee Alde ","Kaffee Alde - Mabolo","Cakes","4.8","(2000+)","Cebu City","Mabolo"
"erdr","Chicky'Oink ","Chicky'Oink -  T. Padilla","Liempo","4.7","(100+)","Cebu City","T. Padilla"
"l3mj","May Abohan ","May Abohan - E-Mall","Filipino","4.6","(100+)","Cebu City","Mall"
"q0jl","New Found Burger ","New Found Burger - San Lorenzo Village","Burgers","4.8","(500+)","Cebu City","San Lorenzo Village"
"m540","Sisig Hooray ","Sisig Hooray - Super Metro Mambaling","Sisig","4.2","(100+)","Cebu City","Super Metro Mambaling"
"gt4q","24 Chicken ","24 Chicken - GND Arcade","Fried Chicken","4.8","(5000+)","Cebu City","GND Arcade"
"rqi8","Bigg Chow Diner ","Bigg Chow Diner - Elizabeth Mall","Chinese","3.1","(100+)","Cebu City","Elizabeth Mall"
"s8xg","Avocadoria.ph ","Avocadoria.ph - Elizabeth Mall","Ice Cream","4.7","(500+)","Cebu City","Elizabeth Mall"
"wq40","Kerrimo ","Kerrimo - Elizabeth Mall","Filipino","5","(5)","Cebu City","Elizabeth Mall"
"ybb3","Chingkeetea ","Chingkeetea - USC Main","Desserts","5","(9)","Cebu City","USC Main"
"m8cl","Herblend Selection ","Herblend Selection - APM Central Mall","Fruit Shake","4.8","(9)","Cebu City","APM Central Mall"
"u4nm","BÃºzzy Buzzy ","BÃºzzy Buzzy - Sanciangko Street","Milk Tea","5","(1)","Cebu City","Sanciangko Street"
"gzm7","Pad Thai Goong ","Pad Thai Goong - F. Cabahug","Thai","4.8","(86)","Cebu City","F. Cabahug"
"mwxl","Everyday Friday Bistro & Grill ","Everyday Friday Bistro & Grill - Pope John Paul II Avenue","Filipino","4.3","(100+)","Cebu City","Pope John Paul II Avenue"
"xh1w","Avo Bravo ","Avo Bravo - Elizabeth Mall","Ice Cream","4.9","(29)","Cebu City","Elizabeth Mall"
"o9um","Rice Burger ","Rice Burger - Elizabeth Mall","Korean","4.7","(100+)","Cebu City","Elizabeth Mall"
"w6af","Mr. & Mrs. Bar","Mr. & Mrs. Bar-B-Q - The Persimmon Plus","Filipino","4.7","(4000+)","Cebu City","The Persimmon Plus"
"xynz","Third Wave Coffee Cafe ","Third Wave Coffee Cafe - F Cabahug","Coffee","4.9","(88)","Cebu City","F Cabahug"
"nwjg","RJ Refreshment Stall ","RJ Refreshment Stall - Avocado Street","Snacks","3","(7)","Cebu City","Avocado Street"
"ij1v","Acapulco's Mexican grill ","Acapulco's Mexican grill - Mabolo","Wraps","4.2","(100+)","Cebu City","Mabolo"
"r4xy","Cebu's Tasty Lechon ","Cebu's Tasty Lechon - Seaoil","Filipino","4.6","(5000+)","Cebu City","Seaoil"
"r7py","Cebu's Ayers Lechon ","Cebu's Ayers Lechon - E-Mall","Lechon","4.2","(100+)","Cebu City","Mall"
"wd0o","Turks ","Turks - Super Metro Mambaling","Wraps","5","(37)","Cebu City","Super Metro Mambaling"
"z2ht","Uncle Roger's Sisig Food Hub ","Uncle Roger's Sisig Food Hub - La Cittadella Subdivision","Asian","2.5","(71)","Cebu City","La Cittadella Subdivision"
"speq","Brewed Delights ","Brewed Delights - Mabolo, Cebu City","Milk Tea","4.6","(500+)","Cebu City","Mabolo, Cebu City"
"s1is","Drip Tea ","Drip Tea - Pelaez Street","Milk Tea","4.6","(500+)","Cebu City","Pelaez Street"
"cg6c","Mix & Match Jollibee, Mang Inasal, Chowking & Greenwich ","Mix & Match Jollibee, Mang Inasal, Chowking & Greenwich - CityMall Bacalso","25 min","4.4","(2000+)","Cebu City","CityMall Bacalso"
"jkrf","Cuts & Brews ","Cuts & Brews - Talamban Road","Filipino","5","(10)","Cebu City","Talamban Road"
"tdyd","Hanbando Korean Restaurant ","Hanbando Korean Restaurant - Talamban","Rice Bowl","4.8","(50)","Cebu City","Talamban"
"e35c","To Go Coffee ","To Go Coffee - Mabolo","Coffee","4.2","(500+)","Cebu City","Mabolo"
"wsbj","Uncle Brew ","Uncle Brew - P Del Rosario","Beverages","4","(6)","Cebu City","P Del Rosario"
"s2n5","Buko n Shake ","Buko n Shake - Elizabeth Mall","Fruit Shake","5","(7)","Cebu City","Elizabeth Mall"
"evd3","Mayora's Authentic Batangas Lomi And Panciteria ","Mayora's Authentic Batangas Lomi And Panciteria - Junquera","Lomi","4.6","(100+)","Cebu City","Junquera"
"t55n","Chupachupz Food Stall ","Chupachupz Food Stall - Lot 23 Food Park","Filipino","4.6","(10)","Cebu City","Lot 23 Food Park"
"q2qv","Fat Jim's Steak House ","Fat Jim's Steak House - FLC Center","American","4.8","(500+)","Cebu City","FLC Center"
"ybru","Buenos Nachos ","Buenos Nachos - Mandaue","Wraps","4.9","(15)","Cebu City","Mandaue"
"ncyh","Frosting Adventure Cafe ","Frosting Adventure Cafe - Mabolo","Cakes","3.3","(36)","Cebu City","Mabolo"
"s8kt","Hanami Japanese Food and Sisig ","Hanami Japanese Food and Sisig - ML Quezon Street","Noodles","4.6","(500+)","Cebu City","ML Quezon Street"
"fi1y","Bed Box CafÃ© ","Bed Box CafÃ© - Rizal Street","Lechon","4.9","(29)","Dagupan Pangasinan","Rizal Street"
"simj","Black cafÃ©","Black cafÃ©","Coffee","3.2","(6)","Dagupan Pangasinan",""
"ept1","Big Pappa's Pizza ","Big Pappa's Pizza - Mayombo","Pizza","5","(32)","Dagupan Pangasinan","Mayombo"
"lj6p","I Love Milktea ","I Love Milktea - Tapuac","Milk Tea","4.6","(500+)","Dagupan Pangasinan","Tapuac"
"nva6","Wendy's ","Wendy's - Lucao Dagupan","Burgers","4.6","(1000+)","Dagupan Pangasinan","Lucao Dagupan"
"dqxi","Rubis Restaurant ","Rubis Restaurant - Tapuac","Chinese","4.6","(100+)","Dagupan Pangasinan","Tapuac"
"r9mk","Chowking ","Chowking - Dagupan","Fast Food","4.3","(2000+)","Dagupan Pangasinan","Dagupan"
"el9m","Wright Wings ","Wright Wings - Judge Jose de Venecia Highway","Chicken Wings","5","(26)","Dagupan Pangasinan","Judge Jose de Venecia Highway"
"qm48","Tim Hortons ","Tim Hortons - River Grove Lifestyle Center","Coffee","4.7","(500+)","Dagupan Pangasinan","River Grove Lifestyle Center"
"puwu","Potato Corner ","Potato Corner - Assada Center","Fries","4.4","(70)","Dagupan Pangasinan","Assada Center"
"wloi","Los Pedritos Bakeshop & Restaurant ","Los Pedritos Bakeshop & Restaurant - Tapuac","Ulam","4.9","(41)","Dagupan Pangasinan","Tapuac"
"sdwr","But first, Coffee ","But first, Coffee - AB Fernandez Ave","Filipino","4.6","(100+)","Dagupan Pangasinan","AB Fernandez Ave"
"x2zm","Macao Imperial Tea  ","Macao Imperial Tea  - SM City Dagupan","Milk Tea","4.6","(1000+)","Dagupan Pangasinan","SM City Dagupan"
"o3xf","Zark's Burgers ","Zark's Burgers - SM Dagupan","American","4.6","(500+)","Dagupan Pangasinan","SM Dagupan"
"b1av","Red Ribbon ","Red Ribbon - Perez Dagupan","Cakes","4.7","(1000+)","Dagupan Pangasinan","Perez Dagupan"
"y9lj","Bili Chow Food Hub ","Bili Chow Food Hub - Tapuac","Filipino","4.7","(1000+)","Dagupan Pangasinan","Tapuac"
"mgt2","Army Navy ","Army Navy - Judge Jose de Venecia Highway","Burgers","4.8","(100+)","Dagupan Pangasinan","Judge Jose de Venecia Highway"
"xvkc","Yummy Fries and Burger ATBP.","Yummy Fries and Burger ATBP.","Filipino","4.4","(5)","Dagupan Pangasinan",""
"t9yo","Lenox Hotel ","Lenox Hotel - Cafe Feliz","Dim Sum ","4.7","(100+)","Dagupan Pangasinan","Cafe Feliz"
"y3nl","The Players' Kitchen ","The Players' Kitchen - Tapuac","Healthy","4.8","(500+)","Dagupan Pangasinan","Tapuac"
"yhng","Sajang Chicken Dagupan ","Sajang Chicken Dagupan - Tapuac","Korean","4.6","(91)","Dagupan Pangasinan","Tapuac"
"szsr","Inihouse ","Inihouse - Tapuac","BBQ","3.3","(32)","Dagupan Pangasinan","Tapuac"
"rq24","Milk Fridge ","Milk Fridge - AB Fernandez Avenue","Milk Tea","4.8","(500+)","Dagupan Pangasinan","AB Fernandez Avenue"
"vdoc","Domino's Pizza ","Domino's Pizza - Dagupan","Pizza","4.5","(100+)","Dagupan Pangasinan","Dagupan"
"ohqy","Chef Distrito ","Chef Distrito - Tapuac","Filipino","4.5","(46)","Dagupan Pangasinan","Tapuac"
"atkr","Angel's Pizza Pasta Combo ","Angel's Pizza Pasta Combo - Assada Centre","Pizza","4.7","(500+)","Dagupan Pangasinan","Assada Centre"
"d2bd","Razon's by Glenn ","Razon's by Glenn - Perez","Filipino","4.6","(100+)","Dagupan Pangasinan","Perez"
"a9uo","Caffe Angelito Coffee and Juice Bar ","Caffe Angelito Coffee and Juice Bar - Tapuac","Pizza","4.6","(100+)","Dagupan Pangasinan","Tapuac"
"ifzk","Enteng Cheese'desal ","Enteng Cheese'desal - Zamora","Bread","4.9","(20)","Dagupan Pangasinan","Zamora"
"udsv","Bamâ€™s Kitchen ","Bamâ€™s Kitchen - Dagupan","Burgers","4.1","(20)","Dagupan Pangasinan","Dagupan"
"qlmb","Kuya J Restaurant ","Kuya J Restaurant - SM Dagupan","Filipino","4.4","(100+)","Dagupan Pangasinan","SM Dagupan"
"ts6h","Sajj Shawarma ","Sajj Shawarma - Dagupan","Biryani","4.4","(500+)","Dagupan Pangasinan","Dagupan"
"k1b4","Cajun Republique ","Cajun Republique - Plaza Del Carmen","Seafood","3.9","(25)","Dagupan Pangasinan","Plaza Del Carmen"
"a0vm","MicroBurger ","MicroBurger - Arellano Street","Burgers","4.1","(100+)","Dagupan Pangasinan","Arellano Street"
"yq3q","Lemonology ","Lemonology - Malued Street","Beverages","5","(10)","Dagupan Pangasinan","Malued Street"
"v21y","JV's Foodstation ","JV's Foodstation - Callejon Street","Fried Chicken","4.4","(500+)","Dagupan Pangasinan","Callejon Street"
"twyw","Carne'val Mexican Grill And Restaurant ","Carne'val Mexican Grill And Restaurant - Plaza Del Carmen","Burgers","4.5","(100+)","Dagupan Pangasinan","Plaza Del Carmen"
"cewl","Yani's Kitchen  ","Yani's Kitchen  - Plaza Del Carmen","Pizza","5","(28)","Dagupan Pangasinan","Plaza Del Carmen"
"jezm","J & A Foodhub Milktea ","J & A Foodhub Milktea - Zamora","Milk Tea","4.2","(100+)","Dagupan Pangasinan","Zamora"
"vp7o","J & A Silog ","J & A Silog - Zamora","Milk Tea","3.7","(17)","Dagupan Pangasinan","Zamora"
"wopi","Yellow Tree Cafe ","Yellow Tree Cafe - Tapuac","Milk Tea","4.6","(100+)","Dagupan Pangasinan","Tapuac"
"dy8j","Rufino's Cafe & Food House ","Rufino's Cafe & Food House - Bonuan Gueset","Filipino","4.1","(100+)","Dagupan Pangasinan","Bonuan Gueset"
"du9e","The Citrus Center ","The Citrus Center - SM Center Dagupan","Beverages","4.6","(52)","Dagupan Pangasinan","SM Center Dagupan"
"j1dc","Mankape ","Mankape - Plaza Del Carmen","Coffee","4.5","(61)","Dagupan Pangasinan","Plaza Del Carmen"
"r6pn","Jollibee ","Jollibee - Dagupan East Junction","Fast Food","4.6","(2000+)","Dagupan Pangasinan","Dagupan East Junction"
"ie8e","Gong cha ","Gong cha - SM Dagupan","Beverages","4.8","(100+)","Dagupan Pangasinan","SM Dagupan"
"z906","Zesty Lemon ","Zesty Lemon - Dagupan","Beverages","4","(9)","Dagupan Pangasinan","Dagupan"
"owf2","HongKong Fried Noodles by Grateatude ","HongKong Fried Noodles by Grateatude - Dasma Bayan","Chinese","4.7","(1000+)","Dasmariñas Cavite","Dasma Bayan"
"w87k","Ysabelis Restaurant","Ysabelis Restaurant","Asian","4.9","(16)","Dasmariñas Cavite",""
"suhy","Simon's Pancit Habhab Food Haus ","Simon's Pancit Habhab Food Haus - Camerino Avenue","Filipino","4.7","(1000+)","Dasmariñas Cavite","Camerino Avenue"
"t6a2","GraTeatude ","GraTeatude - Dasma Bayan","Milk Tea","4.7","(2000+)","Dasmariñas Cavite","Dasma Bayan"
"vo4z","CM Ice Scramble ","CM Ice Scramble - Langkaan","Desserts","4.8","(100+)","Dasmariñas Cavite","Langkaan"
"e76k","Kordeli Cafe ","Kordeli Cafe - Dasmarinas","Coffee","4.7","(14)","Dasmariñas Cavite","Dasmarinas"
"a2rg","Ramenishi ","Ramenishi - Dasma Bayan","Japanese","4.6","(100+)","Dasmariñas Cavite","Dasma Bayan"
"j2vm","Max Mango ","Max Mango - Dasma Bayan","Milk Tea","4.6","(1000+)","Dasmariñas Cavite","Dasma Bayan"
"cxhq","Kurimi Milk Tea Bar ","Kurimi Milk Tea Bar - Dasmarinas","Milk Tea","4.7","(100+)","Dasmariñas Cavite","Dasmarinas"
"v9il","3 Hari ng Kusina Restaurant ","3 Hari ng Kusina Restaurant - San Isidro","Filipino","4.3","(500+)","Dasmariñas Cavite","San Isidro"
"oon2","Coftea DasmariÃ±as ","Coftea DasmariÃ±as - Don Placido Campos Avenue","Milk Tea","4.9","(100+)","Dasmariñas Cavite","Don Placido Campos Avenue"
"q7hg","Greenwich ","Greenwich - Dasmarinas Bayan","Pizza","4.7","(5000+)","Dasmariñas Cavite","Dasmarinas Bayan"
"i7pc","Mangrae ","Mangrae - Dasma Bayan","Fruit Shake","5","(6)","Dasmariñas Cavite","Dasma Bayan"
"bzs8","Kofilateria ","Kofilateria - Area G Congressional Avenue","Milk Tea","3.1","(35)","Dasmariñas Cavite","Area G Congressional Avenue"
"vf4m","Almigz Special Binalot ","Almigz Special Binalot - Paliparan","Filipino","4.3","(100+)","Dasmariñas Cavite","Paliparan"
"z5xc","Magia Grill ","Magia Grill - Malihan Street","Filipino","4.5","(500+)","Dasmariñas Cavite","Malihan Street"
"w1yh","Taparific ","Taparific - San Dionisio","Silog","4.7","(500+)","Dasmariñas Cavite","San Dionisio"
"kclf","3 Hari ng Kusina Restaurant ","3 Hari ng Kusina Restaurant - Dasma Bayan","Filipino","5","(21)","Dasmariñas Cavite","Dasma Bayan"
"kmpa","Elizabeth Food House ","Elizabeth Food House - Don Placido","Asian","4.4","(100+)","Dasmariñas Cavite","Don Placido"
"lgum","Friedyay Hongkong Style Noodles ","Friedyay Hongkong Style Noodles - Unitop Paliparan","Fast Food","2.4","(9)","Dasmariñas Cavite","Unitop Paliparan"
"nvj8","Nooks (Eats and Drinks) ","Nooks (Eats and Drinks) - Camerino Avenue","Asian","4.3","(11)","Dasmariñas Cavite","Camerino Avenue"
"ilpd","GyuCup","GyuCup- Poblacion","Korean","5","(23)","Dasmariñas Cavite","Poblacion"
"l4fv","Oppa Dru ","Oppa Dru - Zone 1","Fried Chicken","4.9","(1000+)","Dasmariñas Cavite","Zone 1"
"e8oa","McDonald's ","McDonald's - Dasmarinas Bayan","Fast Food","4.6","(20000+)","Dasmariñas Cavite","Dasmarinas Bayan"
"ov2d","CORNEE â€“ POBLACION","CORNEE â€“ POBLACION","Fast Food","2.3","(16)","Dasmariñas Cavite",""
"ffde","Cups & Brews Cafe ","Cups & Brews Cafe - Dasma Bayan","Coffee","4","(70)","Dasmariñas Cavite","Dasma Bayan"
"yx2i","SAMGYRAMEN â€“ POBLACION","SAMGYRAMEN â€“ POBLACION","Ramen","4.2","(21)","Dasmariñas Cavite",""
"jksq","Cabin Brew ","Cabin Brew - Malihan Street","Milk Tea","4.4","(100+)","Dasmariñas Cavite","Malihan Street"
"t0js","CRAZEE MANGO ","CRAZEE MANGO - SUKIMART DASMARIÃ‘AS","Milk Tea","2.1","(39)","Dasmariñas Cavite","SUKIMART DASMARIÃ‘AS"
"vtrz","Pan De Manila ","Pan De Manila - DasmariÃ±as","Bread","4.7","(100+)","Dasmariñas Cavite","DasmariÃ±as"
"iwdv","Countryside ","Countryside - Malihan","Filipino","4.9","(100+)","Dasmariñas Cavite","Malihan"
"av3z","Teank","Teank-Yu - Armstrong Village","Pizza","4.6","(100+)","Dasmariñas Cavite","Armstrong Village"
"lphd","VJ Pansitan and Tapsilogan ","VJ Pansitan and Tapsilogan - Langkaan II","Filipino","4.6","(100+)","Dasmariñas Cavite","Langkaan II"
"jg4y","Coftea DasmariÃ±as ","Coftea DasmariÃ±as - Brgy. Zone 3","Coffee","4.5","(10)","Dasmariñas Cavite","Brgy. Zone 3"
"zl71","Five Star Chicken ","Five Star Chicken - DasmariÃ±as Bayan","Fried Chicken","4.4","(100+)","Dasmariñas Cavite","DasmariÃ±as Bayan"
"a5ww","Polly's Gotong Batangas ","Polly's Gotong Batangas - Poblacion","Filipino","4.6","(86)","Dasmariñas Cavite","Poblacion"
"w4zk","Wing Bites ","Wing Bites - Dasma","Chicken Wings","4.8","(100+)","Dasmariñas Cavite","Dasma"
"sogw","Hangout CafÃ© ","Hangout CafÃ© - Bayan Dasmarinas","Asian","4.7","(69)","Dasmariñas Cavite","Bayan Dasmarinas"
"j1lo","Quickly ","Quickly - DasmariÃ±as Bayan","Milk Tea","4.8","(500+)","Dasmariñas Cavite","DasmariÃ±as Bayan"
"x89b","Samgyeop Grill Box ","Samgyeop Grill Box - Poblacion","BBQ","4.7","(10)","Dasmariñas Cavite","Poblacion"
"tdrs","Takoya","Takoya-G - Area G","Takoyaki","3.8","(3)","Dasmariñas Cavite","Area G"
"pur1","Akshaross Kitchenette ","Akshaross Kitchenette - Resortville Citihomes","Filipino","4.3","(64)","Dasmariñas Cavite","Resortville Citihomes"
"vyr5","Kinababa Halal Resto Cafe ","Kinababa Halal Resto Cafe - Area G","Chicken","5","(1)","Dasmariñas Cavite","Area G"
"v9fo","Pizzalicious French Style Pizza","Pizzalicious French Style Pizza","Pizza","5","(3)","Dasmariñas Cavite",""
"s1of","Krispy Kreme ","Krispy Kreme - SM Lanang","Donut","4.8","(1000+)","Davao City Davao del Sur","SM Lanang"
"s7sf","FoodBowls ","FoodBowls - Katipunan Diner","Seafood","4.6","(4000+)","Davao City Davao del Sur","Katipunan Diner"
"r9td","New Asia Restaurant ","New Asia Restaurant - Tan Building","Filipino","4.4","(500+)","Davao City Davao del Sur","Tan Building"
"t0rl","DRIP & DIP CAFE ","DRIP & DIP CAFE - Anda","Milk Tea","4.6","(100+)","Davao City Davao del Sur","Anda"
"t4iz","Chatime ","Chatime - SM Lanang","Milk Tea","4.7","(2000+)","Davao City Davao del Sur","SM Lanang"
"u87f","LA (Olah) Halo ","LA (Olah) Halo - Halo - Cabaguio Avenue","Halo-Halo","4.6","(2000+)","Davao City Davao del Sur","Cabaguio Avenue"
"ajdc","Island Samgyupsal ","Island Samgyupsal - BELEN ROAD","Korean","3.9","(13)","Davao City Davao del Sur","BELEN ROAD"
"d2mg","Panwiches & Nutwater ","Panwiches & Nutwater - SM Lanang","Sandwiches","4.6","(100+)","Davao City Davao del Sur","SM Lanang"
"y9q0","Turks ","Turks - Damosa Market Basket","Shawarma","4.7","(100+)","Davao City Davao del Sur","Damosa Market Basket"
"zy4e","Sunshine Bakery ","Sunshine Bakery - Ecoland","Asian","4.7","(100)","Davao City Davao del Sur","Ecoland"
"q2ur","Harley's Burgers and Shakes ","Harley's Burgers and Shakes - C.M Recto","Burgers","4.5","(100+)","Davao City Davao del Sur","C.M Recto"
"ajzq","Drip & Dip Takoyaki Oct","Drip & Dip Takoyaki Oct-Chi - Anda","Takoyaki","4.2","(58)","Davao City Davao del Sur","Anda"
"r5vm","Wow Lechon ","Wow Lechon - Katipunan Diner","Lechon","4.6","(5000+)","Davao City Davao del Sur","Katipunan Diner"
"mckq","Panadero Bakeshop ","Panadero Bakeshop - Sandawa Road","Bread","4.6","(100+)","Davao City Davao del Sur","Sandawa Road"
"z5lh","Mandarin Tea Garden ","Mandarin Tea Garden - SM Lanang Premier","Fish","4.6","(1000+)","Davao City Davao del Sur","SM Lanang Premier"
"byah","Drip & Dip Shawarma Zork's ","Drip & Dip Shawarma Zork's - Anda","Fried Chicken","4.4","(89)","Davao City Davao del Sur","Anda"
"w4dm","S.A.L.O. ","S.A.L.O. - SM City Lanang Premiere","Filipino","4.6","(99)","Davao City Davao del Sur","SM City Lanang Premiere"
"xcpn","Wing A Minute ","Wing A Minute - Anda","Rice Bowl","4.7","(78)","Davao City Davao del Sur","Anda"
"cbgb","Sunnypoint Bakeshop ","Sunnypoint Bakeshop - Pichon","Bread","3.7","(100+)","Davao City Davao del Sur","Pichon"
"p85t","Sweet Tooth ","Sweet Tooth - Emilio Jacinto Street","Snacks","4.4","(9)","Davao City Davao del Sur","Emilio Jacinto Street"
"q8pu","Happy Lemon ","Happy Lemon - SM Lanang","Milk Tea","4.6","(1000+)","Davao City Davao del Sur","SM Lanang"
"ghhp","Botejyu (Authentic Japanese Cuisine) ","Botejyu (Authentic Japanese Cuisine) - SM Lanang Premiere","Ramen","4.3","(59)","Davao City Davao del Sur","SM Lanang Premiere"
"a7xr","Ice Tag Cafe ","Ice Tag Cafe - Sobrecary","Milk Tea","4.6","(1000+)","Davao City Davao del Sur","Sobrecary"
"j9hi","Manokhan Roasters ","Manokhan Roasters - Sandawa","Chicken","4.7","(100+)","Davao City Davao del Sur","Sandawa"
"oht1","Mark Milk Tea ","Mark Milk Tea - Anda","Milk Tea","3.8","(100+)","Davao City Davao del Sur","Anda"
"s5cw","A","A-Zee Delight Pastries Shop","Cakes","4.2","(500+)","Davao City Davao del Sur","Zee Delight Pastries Shop"
"w7cu","Infinitea  ","Infinitea  - Damosa Lanang","Milk Tea","4.7","(1000+)","Davao City Davao del Sur","Damosa Lanang"
"jaut","Candy Corner ","Candy Corner - SM Lanang Premier","Desserts","5","(11)","Davao City Davao del Sur","SM Lanang Premier"
"q7ri","Manokhan Roasters ","Manokhan Roasters - Agdao","Filipino","4.6","(2000+)","Davao City Davao del Sur","Agdao"
"n6wg","Nutwater & Panwiches ","Nutwater & Panwiches - SM Lanang","Beverages","4.8","(100+)","Davao City Davao del Sur","SM Lanang"
"s6hc","Bemwa Farm ","Bemwa Farm - Ponciano Reyes Street","Healthy","4.6","(100+)","Davao City Davao del Sur","Ponciano Reyes Street"
"howk","Cinnabon ","Cinnabon - SM Lanang Premier","Desserts","4.8","(100+)","Davao City Davao del Sur","SM Lanang Premier"
"q6pf","Tori Yamu ","Tori Yamu - SM Lanang","BBQ","4.7","(500+)","Davao City Davao del Sur","SM Lanang"
"rlkk","Chixboy Grill ","Chixboy Grill - Juna","Asian","4.7","(100+)","Davao City Davao del Sur","Juna"
"ex8d","Drip & Dip Chicken ","Drip & Dip Chicken - Anda","Chicken Wings","4.8","(94)","Davao City Davao del Sur","Anda"
"s6il","Harbour City ","Harbour City - SM Lanang","Rice Dishes","4.6","(100+)","Davao City Davao del Sur","SM Lanang"
"xo5i","Sunnypoint Restaurant ","Sunnypoint Restaurant - Pichon","Filipino","4.1","(100+)","Davao City Davao del Sur","Pichon"
"h8zm","Wing Side ","Wing Side - Juna","Chicken Wings","4.4","(29)","Davao City Davao del Sur","Juna"
"sqet","Azuo Bistro ","Azuo Bistro - CM Recto Street and Rizal Street","Asian","5","(25)","Davao City Davao del Sur","CM Recto Street and Rizal Street"
"r4wc","LemonZilla ","LemonZilla - SM Lanang","Coffee","4.5","(100+)","Davao City Davao del Sur","SM Lanang"
"clm4","Gang Gang Boneless Fried Chicken ","Gang Gang Boneless Fried Chicken - Bonifacio Street","Chicken Wings","4.5","(100+)","Davao City Davao del Sur","Bonifacio Street"
"qj5l","Ali Shawarma ","Ali Shawarma - Bonifacio","Shawarma","3.4","(100+)","Davao City Davao del Sur","Bonifacio"
"exa4","Ribshack ","Ribshack - SM Lanang Premier","BBQ","4.9","(37)","Davao City Davao del Sur","SM Lanang Premier"
"s8ob","Carlos Food house ","Carlos Food house - Anda","Chicken","4.6","(100+)","Davao City Davao del Sur","Anda"
"u0qe","Pancake House ","Pancake House - SM Lanang","American","4.7","(100+)","Davao City Davao del Sur","SM Lanang"
"b0hd","Macao Imperial Tea ","Macao Imperial Tea - SM Lanang","Milk Tea","4.6","(1000+)","Davao City Davao del Sur","SM Lanang"
"r6dy","Cecil's ","Cecil's - Anda","Filipino","4.7","(1000+)","Davao City Davao del Sur","Anda"
"ai4c","Homies Delight ","Homies Delight - Bukana","Fast Food","4.5","(93)","Davao City Davao del Sur","Bukana"
"c0ph","Tanokz Koronadal ","Tanokz Koronadal - Poblacion","Filipino","4.7","(100+)","Koronadal South Cotabato","Poblacion"
"cwa0","Sougyoku's Sushi Bar ","Sougyoku's Sushi Bar - Abad Santos","Sushi","4.9","(29)","Koronadal South Cotabato","Abad Santos"
"i8cv","Mama Bing's Balbacua ","Mama Bing's Balbacua - Gensan Drive","Fast Food","4.4","(100+)","Koronadal South Cotabato","Gensan Drive"
"zxe4","Talap Resto ","Talap Resto -  Gensan Drive","Ulam","3.1","(29)","Koronadal South Cotabato","Gensan Drive"
"bzy1","Lounge Cafe ","Lounge Cafe - The Block","Coffee","4.3","(16)","Koronadal South Cotabato","The Block"
"yefx","BJâ€™s Lechon House ","BJâ€™s Lechon House - Poblacion","Filipino","4.7","(100+)","Koronadal South Cotabato","Poblacion"
"txdp","Frostbite ","Frostbite - Abad Santos","Milk Tea","3.7","(100+)","Koronadal South Cotabato","Abad Santos"
"hksi","Annyeong Corndog ","Annyeong Corndog - Marbel","Korean","4.8","(100+)","Koronadal South Cotabato","Marbel"
"y1r6","Jay & J Foods ","Jay & J Foods - Alunan Avenue","Snacks","4.7","(31)","Koronadal South Cotabato","Alunan Avenue"
"hikf","El Vici Cafe ","El Vici Cafe - Alunan Avenue","Coffee","4.8","(11)","Koronadal South Cotabato","Alunan Avenue"
"gxer","Men Store ","Men Store - Aquino Street","Filipino","4.5","(500+)","Koronadal South Cotabato","Aquino Street"
"l1ic","Breads & Blends ","Breads & Blends - Alba Street","Coffee","4.8","(1000+)","Koronadal South Cotabato","Alba Street"
"labn","Annyeong Citrus ","Annyeong Citrus - Marbel","Beverages","4.8","(55)","Koronadal South Cotabato","Marbel"
"b7fo","Anytime Chicken ","Anytime Chicken - Balmores Street","Fried Chicken","4.8","(100+)","Koronadal South Cotabato","Balmores Street"
"tgfs","Sougyoku Japanese Restaurant ","Sougyoku Japanese Restaurant - Abad Santos","Japanese","4.7","(100+)","Koronadal South Cotabato","Abad Santos"
"goac","KAPOY Coffee Shop ","KAPOY Coffee Shop - Datu Piang Street","Coffee","5","(42)","Koronadal South Cotabato","Datu Piang Street"
"f2eg","Bo's Coffee ","Bo's Coffee - Koronadal","Coffee","4.7","(500+)","Koronadal South Cotabato","Koronadal"
"i6jq","Sa Balai Bistro Pizza ","Sa Balai Bistro Pizza -  Jose Abad Santos Street","Pizza","4.8","(1000+)","Koronadal South Cotabato","Jose Abad Santos Street"
"pd8t","Unnie Corndog & Lemon Rhyme ","Unnie Corndog & Lemon Rhyme - Zone 3","Asian","4.9","(61)","Koronadal South Cotabato","Zone 3"
"zt2u","Selecta Ice Cream ","Selecta Ice Cream - P Santos Koronadal City","Ice Cream","4.7","(500+)","Koronadal South Cotabato","P Santos Koronadal City"
"yxw4","Wabi Sabi Japanese Fusion ","Wabi Sabi Japanese Fusion - The Block","Japanese","5","(37)","Koronadal South Cotabato","The Block"
"ahvx","Food of D' Day ","Food of D' Day - Aquino Street","Fried Chicken","4.9","(97)","Koronadal South Cotabato","Aquino Street"
"esvr","Sa Balai Bistro Meal ","Sa Balai Bistro Meal - Jose Abad Santos Street","Filipino","4.5","(50)","Koronadal South Cotabato","Jose Abad Santos Street"
"sw9e","Gryk's Food House Koronadal ","Gryk's Food House Koronadal - Antipolo Street","Filipino","4.9","(6)","Koronadal South Cotabato","Antipolo Street"
"ycrg","Rafael's Pizza ","Rafael's Pizza - Arellano Street","Pizza","5","(48)","Koronadal South Cotabato","Arellano Street"
"ga1n","Dose Singko Milktea ","Dose Singko Milktea - Arellano Street","Beverages","5","(1)","Koronadal South Cotabato","Arellano Street"
"rt8r","We Got Cha ","We Got Cha - Alunan","Milk Tea","4.4","(100+)","Koronadal South Cotabato","Alunan"
"ncp3","England Pizza House ","England Pizza House - NDC Commercial Building","Pizza","4.6","(15)","Koronadal South Cotabato","NDC Commercial Building"
"afx4","Daily by Bo's Coffee ","Daily by Bo's Coffee - Marcelo Koronadal","Coffee","4.7","(100+)","Koronadal South Cotabato","Marcelo Koronadal"
"pkeo","Margot's Grill and Resto ","Margot's Grill and Resto - Jose Abad Santos Street","Ulam","3.9","(51)","Koronadal South Cotabato","Jose Abad Santos Street"
"uml7","BASTIE'S BURGER HOUSE ","BASTIE'S BURGER HOUSE - Zone 3","Snacks","4.9","(13)","Koronadal South Cotabato","Zone 3"
"p632","Little Gops Milkshake ","Little Gops Milkshake - Roamceville","Beverages","5","(18)","Koronadal South Cotabato","Roamceville"
"eldu","Juego Gastropub ","Juego Gastropub - Roamsceville","Snacks","4.5","(100+)","Koronadal South Cotabato","Roamsceville"
"mobd","Urbanica Milk Coffee ","Urbanica Milk Coffee - Koronadal","Coffee","4.7","(100+)","Koronadal South Cotabato","Koronadal"
"u7wc","The Brew  Project Ph ","The Brew  Project Ph - Koronadal","American","4.6","(100+)","Koronadal South Cotabato","Koronadal"
"a9jh","Chick Boy ","Chick Boy - Arellano Street","Chicken Wings","4.7","(100+)","Koronadal South Cotabato","Arellano Street"
"hsyy","Chooks to Go ","Chooks to Go - Alunan Koronadal","Chicken","4.9","(100+)","Koronadal South Cotabato","Alunan Koronadal"
"c8bc","Roadway Cafe & Bar ","Roadway Cafe & Bar - Gensan Drive","Filipino","4.5","(100+)","Koronadal South Cotabato","Gensan Drive"
"gyhb","Bastie's Bacolod Inasal and Sizzling House ","Bastie's Bacolod Inasal and Sizzling House - Barangay Zone 3","Ulam","4.7","(55)","Koronadal South Cotabato","Barangay Zone 3"
"w6py","The Coffee Table ","The Coffee Table - Poblacion","Coffee","4.7","(79)","Koronadal South Cotabato","Poblacion"
"dibf","Thirtea  ","Thirtea  - Rizal Street","Milk Tea","3.6","(51)","Koronadal South Cotabato","Rizal Street"
"uxes","Island Tea Co. ","Island Tea Co. - Koronadal City","Milk Tea","4","(5)","Koronadal South Cotabato","Koronadal City"
"o1ax","Ichiban Koronadal ","Ichiban Koronadal - Arellano","Japanese","4.7","(100+)","Koronadal South Cotabato","Arellano"
"h3ji","Merc's Cafe ","Merc's Cafe - Alunan Avenue","Sushi","4.7","(100+)","Koronadal South Cotabato","Alunan Avenue"
"d9dq","Gracious Ice Cream ","Gracious Ice Cream - 3 ML Quezon","Filipino","4.3","(18)","Lapu-Lapu City Cebu","3 ML Quezon"
"ddik","Burger","Burger-Fix - Newtown Boulevard","Silog","4.9","(19)","Lapu-Lapu City Cebu","Newtown Boulevard"
"dkuq","House of Fruitas ","House of Fruitas - All A's Arcade","Coffee","4.6","(500+)","Lapu-Lapu City Cebu","All A's Arcade"
"z5vg","Chocolate Cakes by Nicole ","Chocolate Cakes by Nicole - Mactan New Town","Cakes","5","(6)","Lapu-Lapu City Cebu","Mactan New Town"
"s3hh","Cafe Cappuccino by Double Dutch Restaurant and Bar ","Cafe Cappuccino by Double Dutch Restaurant and Bar - Mactan","Beverages","4.6","(100+)","Lapu-Lapu City Cebu","Mactan"
"s0se","Tuna Republik ","Tuna Republik - Lapu-Lapu","Seafood","4.7","(1000+)","Lapu-Lapu City Cebu","Lapu"
"r7i3","Greenwich ","Greenwich - LG Garden Walk Mactan Sto. NiÃ±o","Pizza","4.7","(100+)","Lapu-Lapu City Cebu","LG Garden Walk Mactan Sto. NiÃ±o"
"ripa","Thirsty Fresh Fruit Juices And Shakes ","Thirsty Fresh Fruit Juices And Shakes - LG Garden Walk","Fruit Shake","4.8","(18)","Lapu-Lapu City Cebu","LG Garden Walk"
"ws0h","Family Farm Grillhouse","Family Farm Grillhouse","Filipino","5","(6)","Lapu-Lapu City Cebu",""
"gz56","Chaboba ","Chaboba - LG Garden Walk","Milk Tea","4.9","(46)","Lapu-Lapu City Cebu","LG Garden Walk"
"kd2r","Namaste by Van Raj ","Namaste by Van Raj - Pajo","Indian","4.9","(100+)","Lapu-Lapu City Cebu","Pajo"
"dq0c","PICKUP COFFEE ","PICKUP COFFEE - The Mactan Newtown","Coffee","4.5","(100+)","Lapu-Lapu City Cebu","The Mactan Newtown"
"kvsj","Pungryujeong pavilion","Pungryujeong pavilion","Korean","5","(8)","Lapu-Lapu City Cebu",""
"s9ig","McDonald's ","McDonald's - Mactan Newtown Cebu","Fast Food","4.4","(3000+)","Lapu-Lapu City Cebu","Mactan Newtown Cebu"
"eehf","Max Mango ","Max Mango - Pajo","Beverages","4.5","(100+)","Lapu-Lapu City Cebu","Pajo"
"a45v","Cookies n' Dream ","Cookies n' Dream - Lapu-Lapu City","Cakes","4.7","(100+)","Lapu-Lapu City Cebu","Lapu City"
"qatq","Ton's Cafe ","Ton's Cafe - Pajo","Coffee","5","(7)","Lapu-Lapu City Cebu","Pajo"
"d9fh","The Civet Coffee Roasters ","The Civet Coffee Roasters - Manulife Building","Coffee","4.6","(100+)","Lapu-Lapu City Cebu","Manulife Building"
"xxdh","The White Box Bakeshop (TWB) ","The White Box Bakeshop (TWB) - Lapu-Lapu","Cakes","4","(27)","Lapu-Lapu City Cebu","Lapu"
"t0rk","Hukad Kafe ","Hukad Kafe - Mactan Newtown","BBQ","4.7","(100+)","Lapu-Lapu City Cebu","Mactan Newtown"
"s0qh","Topsilog District ","Topsilog District - Mactan","Filipino","4.5","(100+)","Lapu-Lapu City Cebu","Mactan"
"tqtn","Rib n' Fries ","Rib n' Fries - Mercato de Mactan","American","3.6","(59)","Lapu-Lapu City Cebu","Mercato de Mactan"
"g2ro","Waterfront Airport Hotel and Casino ","Waterfront Airport Hotel and Casino - Ibo Lone","Asian","4","(21)","Lapu-Lapu City Cebu","Ibo Lone"
"m0ie","Tita Belen's Empanada ","Tita Belen's Empanada - GC Arcade, Pajo","Snacks","4.9","(100+)","Lapu-Lapu City Cebu","GC Arcade, Pajo"
"ki54","2FIVE8 Rice Meal ","2FIVE8 Rice Meal - Mactan","Rice Bowl","5","(6)","Lapu-Lapu City Cebu","Mactan"
"a3zk","The Original AA BBQ ","The Original AA BBQ - Basak","Asian","4.6","(500+)","Lapu-Lapu City Cebu","Basak"
"rv9v","Wing's Haven Restaurant ","Wing's Haven Restaurant - LG Garden Walk","Chicken Wings","4.4","(100+)","Lapu-Lapu City Cebu","LG Garden Walk"
"etju","Zubuchon ","Zubuchon - The Outlets","Filipino","4.6","(66)","Lapu-Lapu City Cebu","The Outlets"
"qjp9","Pares Ta Bai ","Pares Ta Bai - LG Garden Walk Mactan","Filipino","5","(15)","Lapu-Lapu City Cebu","LG Garden Walk Mactan"
"tccu","Boy Meets Grill ","Boy Meets Grill - Mactan Alfresco","BBQ","4.9","(36)","Lapu-Lapu City Cebu","Mactan Alfresco"
"domw","Tsoko Specialty Drinks ","Tsoko Specialty Drinks - Mactan Newtown","Beverages","4.9","(5)","Lapu-Lapu City Cebu","Mactan Newtown"
"jx30","Jom's Snack Break ","Jom's Snack Break - La Aldea Buena","Filipino","3.6","(51)","Lapu-Lapu City Cebu","La Aldea Buena"
"o106","Nanda Cafe Mactan ","Nanda Cafe Mactan - Cordova","Japanese","4.9","(18)","Lapu-Lapu City Cebu","Cordova"
"mtak","Sholem Halo","Sholem Halo-Halo - Pajo","Filipino","4.8","(100+)","Lapu-Lapu City Cebu","Pajo"
"ulrk","Cafe Francois ","Cafe Francois - Mactan","Coffee","5","(1)","Lapu-Lapu City Cebu","Mactan"
"a9l9","Boiling Shrimp Hauz ","Boiling Shrimp Hauz - Basak","Seafood","4.8","(100+)","Lapu-Lapu City Cebu","Basak"
"fod5","Hyderabad Dine In ","Hyderabad Dine In - Mercato de Mactan Food Park","Indian","4.4","(16)","Lapu-Lapu City Cebu","Mercato de Mactan Food Park"
"b7m8","Driptea ","Driptea - Mactan Newtown","Milk Tea","4.5","(100+)","Lapu-Lapu City Cebu","Mactan Newtown"
"wa7f","Pan De Manila ","Pan De Manila - LG Garden Walk","Bread","4.9","(100+)","Lapu-Lapu City Cebu","LG Garden Walk"
"d4f4","Tamtam Dessert Shop ","Tamtam Dessert Shop - Mercato de Mactan Food Park","Desserts","1","(1)","Lapu-Lapu City Cebu","Mercato de Mactan Food Park"
"s3ko","Cebu's Ayers Lechon ","Cebu's Ayers Lechon - Mactan New Town","Lechon","4.6","(100+)","Lapu-Lapu City Cebu","Mactan New Town"
"np05","Pungko Ta Poy! ","Pungko Ta Poy! - Bloom Building","Filipino","4.6","(100+)","Lapu-Lapu City Cebu","Bloom Building"
"ino3","Mers Paluto ","Mers Paluto - Mactan Alfresco","Filipino","4.7","(500+)","Lapu-Lapu City Cebu","Mactan Alfresco"
"h6li","Pearl 101 Cafe ","Pearl 101 Cafe - Buaya","Milk Tea","4.9","(54)","Lapu-Lapu City Cebu","Buaya"
"w6g1","Manang Sayong ","Manang Sayong - Mactan Alfresco","Filipino","4.2","(100+)","Lapu-Lapu City Cebu","Mactan Alfresco"
"r0ax","AliPapa Cafe ","AliPapa Cafe - Pamplona","Filipino","4.6","(100+)","Las Pinas City","Pamplona"
"xzpg","Back 2 Perps Cafe","Back 2 Perps Cafe","Filipino","4.9","(20)","Las Pinas City",""
"qvuf","24 Chicken ","24 Chicken - Vista Mall Las Pinas","Fried Chicken","4.8","(1000+)","Las Pinas City","Vista Mall Las Pinas"
"hafc","Pan De Manila ","Pan De Manila - Total CAA Road","Bread","4.6","(100+)","Las Pinas City","Total CAA Road"
"t3bb","KFC ","KFC - Starmall Las PiÃ±as","Fast Food","4.4","(3000+)","Las Pinas City","Starmall Las PiÃ±as"
"ix7b","Via Mare ","Via Mare - Evia Lifestyle Center","Filipino","4.7","(49)","Las Pinas City","Evia Lifestyle Center"
"j6ev","Razon's of Guagua ","Razon's of Guagua - SM Center Las PiÃ±as","Halo-Halo","4.7","(100+)","Las Pinas City","SM Center Las PiÃ±as"
"f1vh","Zagu ","Zagu - SM Center Las Pinas","Beverages","4.8","(500+)","Las Pinas City","SM Center Las Pinas"
"l6yq","Reyes Barbecue ","Reyes Barbecue - SM Center Las PiÃ±as","Chicken","4.8","(100+)","Las Pinas City","SM Center Las PiÃ±as"
"p3q4","The Hungry Pita ","The Hungry Pita - Vista Mall Las PiÃ±as","Shawarma","3.9","(26)","Las Pinas City","Vista Mall Las PiÃ±as"
"r5ml","Pizza Hut ","Pizza Hut - Las Pinas","Pizza","4.8","(2000+)","Las Pinas City","Las Pinas"
"gxc9","Hashmi Kitchenette ","Hashmi Kitchenette - F Ocampo Avenue","Indian","4.5","(500+)","Las Pinas City","F Ocampo Avenue"
"rla6","Siomai House ","Siomai House - D' Grand (formerly Siomai House - Aria Street)","Siomai","5","(100+)","Las Pinas City","Aria Street)"
"o4fj","Chatime ","Chatime - SM Las PiÃ±as","Milk Tea","4.8","(500+)","Las Pinas City","SM Las PiÃ±as"
"c3bh","Kurimi Milk Tea Bar ","Kurimi Milk Tea Bar - Vista Mall Las Pinas","Milk Tea","5","(3)","Las Pinas City","Vista Mall Las Pinas"
"fx9u","Baga Burger ","Baga Burger - CAA Balikatan Branch","Burgers","4.8","(33)","Las Pinas City","CAA Balikatan Branch"
"e6tt","Manoy & Cucuz Panciteria ","Manoy & Cucuz Panciteria - Alabang-Zapote Road","Filipino","4.7","(1000+)","Las Pinas City","Zapote Road"
"ulug","De Original Jamaican Pattie Shop and Juice Bar ","De Original Jamaican Pattie Shop and Juice Bar - SM Center Las PiÃ±as","Filipino","4.9","(100+)","Las Pinas City","SM Center Las PiÃ±as"
"s3av","Yellow Cab ","Yellow Cab - Evia","Pizza","4.2","(100+)","Las Pinas City","Evia"
"pmsk","Ben's Halo Halo ","Ben's Halo Halo - AIM Building","Halo-Halo","5","(100+)","Las Pinas City","AIM Building"
"q4ix","BonChon ","BonChon - SM Las Pinas","Chicken","4.7","(3000+)","Las Pinas City","SM Las Pinas"
"mpxi","Rice Rocket ","Rice Rocket - Alabang Zapote Road","Rice Bowl","5","(33)","Las Pinas City","Alabang Zapote Road"
"u5z6","Caffeena ","Caffeena - Vista Mall Las Pinas","Coffee","4.5","(67)","Las Pinas City","Vista Mall Las Pinas"
"iurd","Scorched Smokehouse ","Scorched Smokehouse - SM Center Las Pinas","American","4.9","(100+)","Las Pinas City","SM Center Las Pinas"
"q3wy","Dunkin' Donuts ","Dunkin' Donuts - Verdant","Donut","4.7","(500+)","Las Pinas City","Verdant"
"c9cj","Giligan's ","Giligan's - Starmall Las Pinas","Filipino","4.7","(1000+)","Las Pinas City","Starmall Las Pinas"
"t0r7","Pizza Telefono ","Pizza Telefono - Las Pinas","Pizza","4.7","(51)","Las Pinas City","Las Pinas"
"gagv","PICKUP COFFEE ","PICKUP COFFEE - Torre Sur","Beverages","4.7","(500+)","Las Pinas City","Torre Sur"
"r6h2","Domino's Pizza ","Domino's Pizza -  Torre Lorenzo Sur","Pizza","4.5","(500+)","Las Pinas City","Torre Lorenzo Sur"
"mpco","Chachago ","Chachago - LAS Building","Milk Tea","4.7","(100+)","Las Pinas City","LAS Building"
"y5vb","Tastes from the Greens ","Tastes from the Greens - Pamplona Tres","Milk Tea","4.9","(100+)","Las Pinas City","Pamplona Tres"
"r6xg","Potato Giant ","Potato Giant - SM Center Las Pinas","Snacks","4.7","(100+)","Las Pinas City","SM Center Las Pinas"
"ecjs","Quarantea ","Quarantea - CAA","Milk Tea","4.7","(48)","Las Pinas City","CAA"
"x1jo","California Pizza Kitchen ","California Pizza Kitchen - Evia Lifestyle Center","Pizza","4.2","(26)","Las Pinas City","Evia Lifestyle Center"
"t2jk","Nakuyami Takoyaki ","Nakuyami Takoyaki - SM Center Las Pinas","Takoyaki","4.8","(100+)","Las Pinas City","SM Center Las Pinas"
"fk33","Snack A Balls ","Snack A Balls - SM Center Las Pinas","Seafood","4.5","(52)","Las Pinas City","SM Center Las Pinas"
"slw7","Egg Stop Jr. ","Egg Stop Jr. - Pamplona Dos","Sandwiches","4","(92)","Las Pinas City","Pamplona Dos"
"p80d","Lil' Orbits Donuts ","Lil' Orbits Donuts - SM Center Las Pinas","Donut","4.5","(39)","Las Pinas City","SM Center Las Pinas"
"s9zx","Pancake House","Pancake House- Vistal Mall","American","4.6","(500+)","Las Pinas City","Vistal Mall"
"mdlv","Bibingkinitan ","Bibingkinitan - Vista Mall","Snacks","4.9","(28)","Las Pinas City","Vista Mall"
"jm1u","Papay Serio Bibingka Galapong at Puto Bumbong ","Papay Serio Bibingka Galapong at Puto Bumbong - SM Center Las PiÃ±as","Filipino","2.8","(12)","Las Pinas City","SM Center Las PiÃ±as"
"usjh","Lemonaze ","Lemonaze - Vista Mall Las Pinas","Fruit Shake","5","(9)","Las Pinas City","Vista Mall Las Pinas"
"gu3f","Banging Bulgogi ","Banging Bulgogi - KM 17","Korean","4.7","(47)","Las Pinas City","KM 17"
"q8gk","Coffee Project ","Coffee Project - Las PiÃ±as","Coffee","4.6","(100+)","Las Pinas City","Las PiÃ±as"
"u3mc","Nikkei ","Nikkei - Rockwell","Sushi","4.6","(100+)","Makati City","Rockwell"
"cgv7","Gugu Manju ","Gugu Manju - Ayala Circuit Makati","Korean","4.7","(100+)","Makati City","Ayala Circuit Makati"
"zqzw","Red Inn Hotpot ","Red Inn Hotpot - The Canteen","Pizza","5","(3)","Makati City","The Canteen"
"y2st","Selina's Inihaw na Bangus ","Selina's Inihaw na Bangus - Villena Street","Seafood","4.8","(100+)","Makati City","Villena Street"
"q7ui","Sugarhouse ","Sugarhouse - Rockwell","Cakes","4.8","(100+)","Makati City","Rockwell"
"x0hi","KFC ","KFC - Rockwell","Fast Food","4.2","(1000+)","Makati City","Rockwell"
"gm3k","WingStreet by Pizza Hut ","WingStreet by Pizza Hut - Evangelista","Chicken","3.7","(54)","Makati City","Evangelista"
"lfg0","Vitoâ€™s BBQ ","Vitoâ€™s BBQ - Chino Roces","Filipino","4.8","(30)","Makati City","Chino Roces"
"q1dj","FIC (Fruits in Ice Cream) ","FIC (Fruits in Ice Cream) - Powerplant Mall","Ice Cream","4.9","(100+)","Makati City","Powerplant Mall"
"y94v","Happy Hour ","Happy Hour - Makati","Beverages","5","(22)","Makati City","Makati"
"q40n","Marugame Udon ","Marugame Udon - The Powerplant Mall","Japanese","4.8","(500+)","Makati City","The Powerplant Mall"
"lrs2","Lugawan Sa Tejeros ","Lugawan Sa Tejeros - Don Chino Roces","Porridge","4.8","(10000+)","Makati City","Don Chino Roces"
"q7dj","Bake Works ","Bake Works - Rockwell","Desserts","4.7","(60)","Makati City","Rockwell"
"m9tp","And Coffee ","And Coffee - A. Mabini Street","Coffee","4.4","(8)","Makati City","A. Mabini Street"
"l6sv","Basil ","Basil - Rockwell","Thai","4.2","(52)","Makati City","Rockwell"
"g98x","Lumpia.natics by Magsie's ","Lumpia.natics by Magsie's - Bangkal","Filipino","5","(47)","Makati City","Bangkal"
"oami","Master Siomai ","Master Siomai - Pasong Tamo Makati","Siomai","4.8","(100+)","Makati City","Pasong Tamo Makati"
"d4gg","Pinkberry ","Pinkberry - Rockwell","Halo-Halo","5","(100+)","Makati City","Rockwell"
"gdqc","Bibingkinitan ","Bibingkinitan - Ayala Circuit Mall","Bread","5","(19)","Makati City","Ayala Circuit Mall"
"vys8","EggCited.Ph ","EggCited.Ph - Filmore Street","Sandwiches","4.5","(46)","Makati City","Filmore Street"
"r9uy","PeteChel's Bulalo House ","PeteChel's Bulalo House - EGI Building","Filipino","4.7","(2000+)","Makati City","EGI Building"
"npod","Bar ","Bar - The Canteen","Beverages","5","(1)","Makati City","The Canteen"
"fm2u","Yardstick Coffee ","Yardstick Coffee - Rockwell","Coffee","5","(1)","Makati City","Rockwell"
"l7fr","Lil' Orbits ","Lil' Orbits - Circuit Mall","Donut","4.8","(500+)","Makati City","Circuit Mall"
"wb5i","9Sing Bar ","9Sing Bar - Dr Jose P Rizal Avenue","Filipino","4.3","(6)","Makati City","Dr Jose P Rizal Avenue"
"bdlq","Subarashii Manju ","Subarashii Manju - Filmore Street","Korean","3.6","(33)","Makati City","Filmore Street"
"o0tl","Lugaw Pilipinas ","Lugaw Pilipinas - A. Obrero","Filipino","4.5","(2000+)","Makati City","A. Obrero"
"q6vo","Tenya Tempura Tendon ","Tenya Tempura Tendon - Magallanes","Japanese","4.6","(1000+)","Makati City","Magallanes"
"q0tm","Din Tai Fung ","Din Tai Fung - Rockwell","Asian","4.6","(1000+)","Makati City","Rockwell"
"rt7n","Sushi","Sushi-Masa-Rap - Tejeros","Sushi","4.3","(500+)","Makati City","Tejeros"
"tbqi","Baliwag Lechon Manok at Liempo ","Baliwag Lechon Manok at Liempo - A Reyes Street","Chicken","4.9","(100+)","Makati City","A Reyes Street"
"r8hc","Zaifu Japanese Restaurant ","Zaifu Japanese Restaurant - Power Plant Mall","Japanese","4.7","(500+)","Makati City","Power Plant Mall"
"c3zb","Ikkoryu Fukuoka Ramen ","Ikkoryu Fukuoka Ramen - Rockwell","Ramen","4.4","(100+)","Makati City","Rockwell"
"ro2w","Cafe Mary Grace ","Cafe Mary Grace - Powerplant Mall","Cakes","4.4","(51)","Makati City","Powerplant Mall"
"r5vv","Shi Lin ","Shi Lin - Rockwell","Chinese","4.6","(100+)","Makati City","Rockwell"
"q9ad","Mang Inasal ","Mang Inasal - Tejeros Makati (OLYMPIA)","Chicken","4.8","(5000+)","Makati City","Tejeros Makati (OLYMPIA)"
"js1x","Tajimaya Yakiniku Charcoal Grill ","Tajimaya Yakiniku Charcoal Grill - One Rockwell West Tower","Japanese","5","(16)","Makati City","One Rockwell West Tower"
"l6cl","harlan + holden coffee ","harlan + holden coffee - Power Plant Mall - (because coffee)","Coffee","4.8","(100+)","Makati City","(because coffee)"
"r8ax","Mo' Cookies ","Mo' Cookies - Rockwell","Desserts","4.8","(100+)","Makati City","Rockwell"
"agdd","Happi Bees ","Happi Bees - Shopwise Circuit Makati","Milk Tea","4.4","(62)","Makati City","Shopwise Circuit Makati"
"ruwt","Buena Cocina ","Buena Cocina - Danlig Street","Filipino","4.5","(77)","Makati City","Danlig Street"
"rz18","Big Mummy's Express ","Big Mummy's Express - Makati","Indian","4.1","(100+)","Makati City","Makati"
"ucl3","M Bakery ","M Bakery - Rockwell Makati","Cakes","5","(1)","Makati City","Rockwell Makati"
"i0bn","Almon Marina ","Almon Marina - SM Megamall","Sandwiches","4.6","(100+)","Mandaluyong City","SM Megamall"
"u6ui","Ramen Nagi ","Ramen Nagi - SM Megamall","Ramen","4.4","(86)","Mandaluyong City","SM Megamall"
"g42q","MOS Burger ","MOS Burger - SM Megamall","Burgers","4.9","(100+)","Mandaluyong City","SM Megamall"
"w0io","Mister Donut ","Mister Donut - SM City Megamall","Donut","4.8","(100+)","Mandaluyong City","SM City Megamall"
"r6zs","Peri","Peri-Peri Charcoal Chicken and Sauce Bar - SM Megamall","Chicken","4.5","(500+)","Mandaluyong City","SM Megamall"
"s9qg","Taco Bell ","Taco Bell - SM Megamall","Wraps","4.6","(1000+)","Mandaluyong City","SM Megamall"
"w7sp","Kuya J Restaurant ","Kuya J Restaurant - SM Megamall","Filipino","4.4","(500+)","Mandaluyong City","SM Megamall"
"id5w","Zark's Burgers ","Zark's Burgers - SM Megamall","American","4.7","(100+)","Mandaluyong City","SM Megamall"
"ixb0","Ikkoryu Fukuoka Ramen ","Ikkoryu Fukuoka Ramen - SM Megamall","Ramen","4.5","(100+)","Mandaluyong City","SM Megamall"
"yth9","Marugame Udon ","Marugame Udon - SM Megamall","Japanese","4.3","(1000+)","Mandaluyong City","SM Megamall"
"c3jr","Mang Binatog ","Mang Binatog - SM Megamall","Filipino","4.8","(100+)","Mandaluyong City","SM Megamall"
"wjdr","Chooks to Go ","Chooks to Go - Kalentong","Chicken","4.8","(100+)","Mandaluyong City","Kalentong"
"l5st","Yayoi ","Yayoi - SM Megamall","Japanese","4.9","(100+)","Mandaluyong City","SM Megamall"
"ytn7","Bacolod Chicken Inasal ","Bacolod Chicken Inasal - SM Megamall","Filipino","4.5","(100+)","Mandaluyong City","SM Megamall"
"s1dn","Greenwich ","Greenwich - SM Megamall L4","Pizza","4.7","(1000+)","Mandaluyong City","SM Megamall L4"
"l1kr","Pizza Hut ","Pizza Hut - Bistro SM Megamall","Pizza","4.7","(500+)","Mandaluyong City","Bistro SM Megamall"
"q2hp","Buffalo's Wings N' Things ","Buffalo's Wings N' Things - Megamall","Chicken Wings","4.6","(500+)","Mandaluyong City","Megamall"
"s2wb","Mo' Cookies ","Mo' Cookies - SM Megamall","Cakes","4.9","(100+)","Mandaluyong City","SM Megamall"
"y2ro","Shakey's Pizza ","Shakey's Pizza - Megamall","Pizza","4.5","(100+)","Mandaluyong City","Megamall"
"y4hc","Casa Daza Empanada ","Casa Daza Empanada - SM Megamall","Filipino","4.8","(100+)","Mandaluyong City","SM Megamall"
"r2yo","Annapoorna ","Annapoorna - Mandaluyong City","Indian","4.5","(1000+)","Mandaluyong City","Mandaluyong City"
"egxa","CoCo Fresh Tea & Juice ","CoCo Fresh Tea & Juice - SM Megamall","Milk Tea","4.7","(3000+)","Mandaluyong City","SM Megamall"
"dvzr","Daily by Bo's Coffee ","Daily by Bo's Coffee - SM Megamall","Coffee","4.6","(100+)","Mandaluyong City","SM Megamall"
"m0ne","Kettle Korn ","Kettle Korn - SM Megamall","Snacks","4.9","(50)","Mandaluyong City","SM Megamall"
"p3uj","Happy Lemon ","Happy Lemon - SM Megamall","Milk Tea","4.6","(1000+)","Mandaluyong City","SM Megamall"
"f7xi","Yogorino ","Yogorino - SM Megamall","Desserts","4.8","(86)","Mandaluyong City","SM Megamall"
"pgor","Korean Kitchen Sol Story ","Korean Kitchen Sol Story - Sheridan","Korean","5","(1)","Mandaluyong City","Sheridan"
"y5ep","Mangan ","Mangan - SM Megamall","Filipino","4.4","(100+)","Mandaluyong City","SM Megamall"
"q9gd","Wing Zone ","Wing Zone - SM Megamall","Chicken","4.7","(1000+)","Mandaluyong City","SM Megamall"
"p7vq","Kenny Rogers Roasters ","Kenny Rogers Roasters - SM Megamall","Chicken","4.7","(1000+)","Mandaluyong City","SM Megamall"
"skap","Doughmain ","Doughmain - SM Megamall","Donut","3.3","(19)","Mandaluyong City","SM Megamall"
"m2id","Sisig Hooray ","Sisig Hooray - SM Megamall Supermarket","Sisig","4.6","(100+)","Mandaluyong City","SM Megamall Supermarket"
"q3ee","Tenya Tempura Tendon ","Tenya Tempura Tendon - SM Megamall","Japanese","4.6","(500+)","Mandaluyong City","SM Megamall"
"q5sq","RACKS ","RACKS - Megamall","American","4.5","(2000+)","Mandaluyong City","Megamall"
"y9ve","Tokyo Bubble Tea ","Tokyo Bubble Tea - SM Megamall","Japanese","4.4","(100+)","Mandaluyong City","SM Megamall"
"ylzi","Highlands Coffee ","Highlands Coffee - Robinsons Cybergate Tower 3","Coffee","4.7","(500+)","Mandaluyong City","Robinsons Cybergate Tower 3"
"pckg","Buko Express ","Buko Express - SM Megamall","Fruit Shake","4.7","(91)","Mandaluyong City","SM Megamall"
"a3ef","Jamba Juice ","Jamba Juice - SM Megamall","Beverages","4.7","(100+)","Mandaluyong City","SM Megamall"
"i3dt","Big Chill ","Big Chill - SM Megamall","Healthy","4.8","(84)","Mandaluyong City","SM Megamall"
"ch87","Yoshinoya ","Yoshinoya - SM Megamall","Japanese","4.6","(100+)","Mandaluyong City","SM Megamall"
"euev","Sugarbee ","Sugarbee - SM Megamall","Cakes","4.8","(100+)","Mandaluyong City","SM Megamall"
"dlxm","M Bakery ","M Bakery - SM Megamall","Cakes","4","(9)","Mandaluyong City","SM Megamall"
"iklr","The Lemon Central ","The Lemon Central - SM Megamall","Beverages","4.9","(35)","Mandaluyong City","SM Megamall"
"q5te","French Baker ","French Baker - SM Megamall","Bread","4.7","(100+)","Mandaluyong City","SM Megamall"
"r7qb","Ambassador's Ice Cream ","Ambassador's Ice Cream - SM Megamall","Desserts","4.7","(7)","Mandaluyong City","SM Megamall"
"r8hx","Merry Moo ","Merry Moo - SM Megamall","Ice Cream","4.9","(100+)","Mandaluyong City","SM Megamall"
"s2tf","Panda Express ","Panda Express - SM Megamall","Snacks","4.6","(4000+)","Mandaluyong City","SM Megamall"
"fucz","Bibingkinitan ","Bibingkinitan - SM Megamall","Desserts","4.8","(12)","Mandaluyong City","SM Megamall"
"r3pc","Mo' Cookies ","Mo' Cookies - Robinsons Place Manila","Desserts","4.8","(100+)","Manila","Robinsons Place Manila"
"p1cs","New Bombay ","New Bombay - Robinsons Manila","Indian","4.5","(500+)","Manila","Robinsons Manila"
"q4un","Burger King ","Burger King - Robinsons Ermita","Burgers","4.6","(5000+)","Manila","Robinsons Ermita"
"p6cx","Happy Lemon ","Happy Lemon - Robinsons Place Manila","Milk Tea","4.8","(3000+)","Manila","Robinsons Place Manila"
"auvh","Boodle Fight sa Bilao ","Boodle Fight sa Bilao - Sta. Ana","BBQ","3.8","(12)","Manila","Sta. Ana"
"e3pe","Pho Hoa ","Pho Hoa - Ermita","Noodles","4.6","(500+)","Manila","Ermita"
"j4xl","Almon Marina ","Almon Marina - Robinsons Place Manila","Sandwiches","4.9","(100+)","Manila","Robinsons Place Manila"
"sun3","Overdoughs ","Overdoughs - Robinsons Place Manila","Donut","4.8","(100+)","Manila","Robinsons Place Manila"
"s7tw","Sumi Sumi ","Sumi Sumi - Adriatico","Japanese","4.4","(100+)","Manila","Adriatico"
"mq67","Rarjap Rice N Box ","Rarjap Rice N Box - Pedro Gil","Filipino","4.6","(55)","Manila","Pedro Gil"
"i2lj","MOS Burger ","MOS Burger - Robinsons Place Manila","Burgers","4.4","(100+)","Manila","Robinsons Place Manila"
"vozm","Mangan ","Mangan - Robinsons Place Manila","Filipino","4.2","(100+)","Manila","Robinsons Place Manila"
"gkp8","Tsuke","Tsuke-men - Robinsons Place Manila","Japanese","4.3","(100+)","Manila","Robinsons Place Manila"
"v3c1","Manam's Pancit Pancitan ","Manam's Pancit Pancitan - Ermita","Filipino","4.6","(100+)","Manila","Ermita"
"pxq2","P. Donuts ","P. Donuts - University Tower Malate","Cakes","4.8","(500+)","Manila","University Tower Malate"
"abzf","Turks ","Turks - SSG Supermart","Middle Eastern","4.8","(100+)","Manila","SSG Supermart"
"r8uc","Rarjap Sushi House ","Rarjap Sushi House - Sta. Ana","Healthy","4.6","(2000+)","Manila","Sta. Ana"
"s9zi","ChizMozza ","ChizMozza - Robinsons Manila","Snacks","4.7","(78)","Manila","Robinsons Manila"
"xnuw","Two Cups Cafe ","Two Cups Cafe -  Suter Street","Milk Tea","4.7","(100+)","Manila","Suter Street"
"ey5o","Bad Bird ","Bad Bird - Robinsons Place Manila","Rice Dishes","4.7","(45)","Manila","Robinsons Place Manila"
"v5wl","MiPanda Milk Tea Hub ","MiPanda Milk Tea Hub - Sta. Ana","Milk Tea","4.7","(1000+)","Manila","Sta. Ana"
"u36o","BENTO ","BENTO - GO - Sta. Ana","Rice Bowl","4.9","(11)","Manila","Sta. Ana"
"m8it","Haivans Pasta House ","Haivans Pasta House - Road 16","Pasta","4.5","(100+)","Manila","Road 16"
"lhqj","Oh","Oh-Deng! - Victoria De Manila","Korean","5","(44)","Manila","Victoria De Manila"
"tfo9","Sushi Town ","Sushi Town - Sta. Ana","Sushi","5","(2)","Manila","Sta. Ana"
"br6k","Lawson Cup & Go ","Lawson Cup & Go - Pilar Hidalgo","Coffee","4.1","(8)","Manila","Pilar Hidalgo"
"md9a","Shawarma King ","Shawarma King - Robinsons Place Manila","Shawarma","4.2","(20)","Manila","Robinsons Place Manila"
"r6si","Manam ","Manam - Ermita","Filipino","4.6","(2000+)","Manila","Ermita"
"d4ev","AJHM Korean BBQ House ","AJHM Korean BBQ House - Suter Street","Korean","4.4","(500+)","Manila","Suter Street"
"s2fa","Chicas Bagnet Express ","Chicas Bagnet Express - Victoria De Manila","Filipino","4.5","(500+)","Manila","Victoria De Manila"
"lmv7","Happy Cup ","Happy Cup - Sta. Ana","Milk Tea","4.6","(100+)","Manila","Sta. Ana"
"yhzt","Oui tacos ","Oui tacos - Robinsons Manila","Snacks","5","(3)","Manila","Robinsons Manila"
"s7eg","Let's Steak A Break ","Let's Steak A Break - Sta Ana","American","4.3","(1000+)","Manila","Sta Ana"
"qmm1","Eataewon ","Eataewon - Robinsons Ermita","Korean","4.6","(71)","Manila","Robinsons Ermita"
"awk0","Chunky Boss ","Chunky Boss - Robinsons Manila","Asian","4.9","(27)","Manila","Robinsons Manila"
"punu","Rarjap Sizzling House ","Rarjap Sizzling House - Sta. Ana","Filipino","4.3","(46)","Manila","Sta. Ana"
"d9tv","Happy Chix ","Happy Chix - Suter Street","Chicken Wings","4.5","(2000+)","Manila","Suter Street"
"uozm","Sushi Nori ","Sushi Nori - Robinsons Place Manila","Sushi","4.7","(100+)","Manila","Robinsons Place Manila"
"s6iq","Macao Imperial Tea ","Macao Imperial Tea - Robinsons Manila","Milk Tea","4.7","(3000+)","Manila","Robinsons Manila"
"s8xx","The Coffee Bean & Tea Leaf ","The Coffee Bean & Tea Leaf - Avenue of the Arts","Coffee","4.6","(100+)","Manila","Avenue of the Arts"
"e1br","Al Qaysar ","Al Qaysar - Mabini","Middle Eastern","4.5","(500+)","Manila","Mabini"
"s4we","Naughty Krato's Flame Grilled Burger ","Naughty Krato's Flame Grilled Burger - Sta Ana","Burgers","4.3","(1000+)","Manila","Sta Ana"
"gfub","Ibarra's Kitchen ","Ibarra's Kitchen - Vasquez Street","Filipino","4.6","(91)","Manila","Vasquez Street"
"w4z6","Mok's Foodhouse & Cafe ","Mok's Foodhouse & Cafe - Wynn Plaza","Filipino","4.6","(100+)","Manila","Wynn Plaza"
"wka8","Marugame Udon ","Marugame Udon - Robinsons Manila","Japanese","4.7","(500+)","Manila","Robinsons Manila"
"udgo","Snackerz Bundle ","Snackerz Bundle - Peach Street","Burgers","4.7","(100+)","Marikina","Peach Street"
"d4mi","Rice and Shine  ","Rice and Shine  - Marikina Heights","Silog","4.7","(500+)","Marikina","Marikina Heights"
"hoeq","Tori Kraze ","Tori Kraze - Marikina Heights","Japanese","4.8","(100+)","Marikina","Marikina Heights"
"cdn4","Gotchu Jang: Korean Bowls ","Gotchu Jang: Korean Bowls - Marikina Heights","Korean","4.7","(100+)","Marikina","Marikina Heights"
"in9o","Sulit Shawarma! ","Sulit Shawarma! - Marikina Heights","Middle Eastern","4.6","(100+)","Marikina","Marikina Heights"
"uccm","Basta Pasta ","Basta Pasta - Marikina","Pasta","4.8","(100+)","Marikina","Marikina"
"hbn2","Silog Express Atbp. ","Silog Express Atbp. - Marikina","Filipino","4.7","(100+)","Marikina","Marikina"
"s57p","Longing for Lugaw ","Longing for Lugaw - Marikina Heights","Porridge","5","(2)","Marikina","Marikina Heights"
"a72x","24/7 Poppin' Chix ","24/7 Poppin' Chix - Marikina Heights","Fried Chicken","4.8","(9)","Marikina","Marikina Heights"
"kk06","Smash It: Burgers & More ","Smash It: Burgers & More - Marikina Heights","American","4.7","(500+)","Marikina","Marikina Heights"
"krjj","Lucky 88 Bowls ","Lucky 88 Bowls - Marikina Heights","Chinese","4.6","(100+)","Marikina","Marikina Heights"
"rda1","Healthy To Go ","Healthy To Go - Marikina Heights","Healthy","4.9","(500+)","Marikina","Marikina Heights"
"pia4","Kobi Bayan ","Kobi Bayan - Hacienda Heights","Ulam","5","(1)","Marikina","Hacienda Heights"
"ly5s","DAKS Shawarma by Boys Night Out ","DAKS Shawarma by Boys Night Out - Marikina Heights","Shawarma","4.8","(100+)","Marikina","Marikina Heights"
"zicv","24/7 Super Healthy ","24/7 Super Healthy - Marikina Heights","Healthy","4.8","(1000+)","Marikina","Marikina Heights"
"dqms","Lugaw Daddy ","Lugaw Daddy - Marikina Heights","Filipino","4.7","(100+)","Marikina","Marikina Heights"
"iz0k","24/7 Eats ","24/7 Eats - Marikina Heights","Shawarma","4.8","(500+)","Marikina","Marikina Heights"
"e0kn","Mr. DagupeÃ±o ","Mr. DagupeÃ±o - Lilac","Filipino","4.7","(82)","Marikina","Lilac"
"u8ar","Goldilocks ","Goldilocks - Lilac Marikina","Cakes","4.9","(100+)","Marikina","Lilac Marikina"
"a93d","Great Greens: Salads & Grains ","Great Greens: Salads & Grains - Marikina Heights","Healthy","4.7","(100+)","Marikina","Marikina Heights"
"m5i8","Chammie ","Chammie - Shoe Avenue","Filipino","4.7","(100+)","Marikina","Shoe Avenue"
"iqky","Master Gaw ","Master Gaw - Hacienda Heights","Ulam","5","(2)","Marikina","Hacienda Heights"
"d84f","Calorie Club ","Calorie Club - Marikina Heights","Healthy","4.8","(69)","Marikina","Marikina Heights"
"dl0n","Hummus Express ","Hummus Express - Marikina Heights","Middle Eastern","4.7","(99)","Marikina","Marikina Heights"
"x0s5","24/7 Wings ","24/7 Wings - Marikina Heights","Chicken","4.7","(100+)","Marikina","Marikina Heights"
"n1r1","Hot Potato ","Hot Potato - Lilac Street","Filipino","4.5","(6)","Marikina","Lilac Street"
"b1sa","Sisig Hooray ","Sisig Hooray - Trade Fair Shoe Avenue","Sisig","4.8","(500+)","Marikina","Trade Fair Shoe Avenue"
"rd1c","Diner Daddy: Burgers, Chicken & More ","Diner Daddy: Burgers, Chicken & More - Marikina","Fast Food","4.6","(100+)","Marikina","Marikina"
"ogvc","Wacko Wings ","Wacko Wings - Marikina Heights","Chicken Wings","3.8","(6)","Marikina","Marikina Heights"
"t5nt","Steak Savers ","Steak Savers - Marikina Heights","Rice Bowl","4.7","(3)","Marikina","Marikina Heights"
"sm1x","Eat Sulit ","Eat Sulit - Marikina Heights","Chicken","4.7","(100+)","Marikina","Marikina Heights"
"sp2b","99 Peso Rice Bowls To Go ","99 Peso Rice Bowls To Go - Marikina Heights","Rice Bowl","4.7","(100+)","Marikina","Marikina Heights"
"ljbl","BoyNita Ihaw Ihaw ","BoyNita Ihaw Ihaw - Flamingo Street","Filipino","4.7","(1000+)","Marikina","Flamingo Street"
"g1ip","Eomma's Korean Fried Chickin ","Eomma's Korean Fried Chickin - Marikina","Fried Chicken","4.3","(100+)","Marikina","Marikina"
"i0q9","The Green Menu ","The Green Menu - Marikina Heights","Healthy","4.8","(100+)","Marikina","Marikina Heights"
"y9ob","Mango Fiesta ","Mango Fiesta - Parang","Fruit Shake","4.7","(500+)","Marikina","Parang"
"redd","Sajang Chicken ","Sajang Chicken - Lilac Street","Chicken","4.9","(100+)","Marikina","Lilac Street"
"o5qe","Big Boy Tapsihan ","Big Boy Tapsihan - G. Del Pilar Street","Filipino","4.6","(500+)","Marikina","G. Del Pilar Street"
"v914","MOKS KITCHENETTE DOBLE PARES ","MOKS KITCHENETTE DOBLE PARES - Lilac","Filipino","3.9","(100+)","Marikina","Lilac"
"x8qw","Claire's Cafe & Resto ","Claire's Cafe & Resto - Nangka","Filipino","4.5","(100+)","Marikina","Nangka"
"ju5t","Overflow Cafe at Sandalwood ","Overflow Cafe at Sandalwood - Sandalwood Street","Coffee","5","(7)","Marikina","Sandalwood Street"
"yil0","King & Queen Tea ","King & Queen Tea - Concepcion Dos","Milk Tea","4.6","(19)","Marikina","Concepcion Dos"
"b3tf","Corndog 28 ","Corndog 28 - Lilac Street, Marikina","Corndogs","4.9","(100+)","Marikina","Lilac Street, Marikina"
"vgow","99 Peso Sulit Chicken ","99 Peso Sulit Chicken - Marikina Heights","Chicken","4.8","(2000+)","Marikina","Marikina Heights"
"gpkd","Cha Tuk Chak ","Cha Tuk Chak - Lilac","Milk Tea","4.7","(500+)","Marikina","Lilac"
"vpuj","Greysons Dimsum and Noodle House ","Greysons Dimsum and Noodle House - JP Rizal","Chinese","4.7","(100+)","Marikina","JP Rizal"
"w0qo","Holy Cow! Sizzlers ","Holy Cow! Sizzlers - Sucat","American","4.5","(80)","Parañaque City","Sucat"
"zn8y","Alch3mist Coffee ","Alch3mist Coffee - VTP Mega Building","Coffee","4.4","(56)","Parañaque City","VTP Mega Building"
"s5of","South Crust Pizza ","South Crust Pizza - Aguirre Avenue","Pizza","2.9","(9)","Parañaque City","Aguirre Avenue"
"pzsn","Goto Tendon ","Goto Tendon - Metro Star Mall","Filipino","4.6","(100+)","Parañaque City","Metro Star Mall"
"mtpk","Caution Bistro ","Caution Bistro - BF Homes","Seafood","3.8","(71)","Parañaque City","BF Homes"
"t1g1","Takoyadon ","Takoyadon - Aguirre Avenue","Takoyaki","4.7","(100+)","Parañaque City","Aguirre Avenue"
"r7mo","KhaiJi Bistro ","KhaiJi Bistro - Paranaque","Healthy","4.8","(100+)","Parañaque City","Paranaque"
"n3w8","Afino Coffee ","Afino Coffee - President's Avenue","Beverages","4.5","(86)","Parañaque City","President's Avenue"
"z68j","D Classic Pares House ","D Classic Pares House - Airport Global Plaza","Filipino","4.5","(61)","Parañaque City","Airport Global Plaza"
"r1ae","Flaming Wings ","Flaming Wings - Aguirre Ave. BF Homes","American","4.8","(3000+)","Parañaque City","Aguirre Ave. BF Homes"
"pxqx","Go Bento ","Go Bento - PITX","Japanese","4.3","(19)","Parañaque City","PITX"
"ybsn","Budget Tapa King ","Budget Tapa King - Seaside Drive","Silog","4.6","(100+)","Parañaque City","Seaside Drive"
"qhyk","Ate Rica's Bacsilog ","Ate Rica's Bacsilog - PITX","Silog","4.8","(500+)","Parañaque City","PITX"
"zb42","Bagnet Bros ","Bagnet Bros - President's Avenue","Rice Bowl","3.9","(10)","Parañaque City","President's Avenue"
"td2k","Koomi ","Koomi - PITX","Beverages","4.9","(100+)","Parañaque City","PITX"
"lws5","Dylan Patisserie ","Dylan Patisserie - BF Homes","Cakes","4.8","(22)","Parañaque City","BF Homes"
"hv6x","Soy & Bean ","Soy & Bean - President Avenue","Healthy","4.7","(100+)","Parañaque City","President Avenue"
"m9g1","Baliwag Grill & Restaurant ","Baliwag Grill & Restaurant - Aguirre Avenue","Filipino","4.6","(100+)","Parañaque City","Aguirre Avenue"
"p51c","AROI Original Thai Dishes ","AROI Original Thai Dishes - BF Homes","Thai","4.8","(100+)","Parañaque City","BF Homes"
"qajj","Banh Mi Kitchen ","Banh Mi Kitchen - Paranaque Integrated Terminal Exchange","Sandwiches","4.4","(100+)","Parañaque City","Paranaque Integrated Terminal Exchange"
"kugr","Mamangâ€™s Pizzeria BF Homes","Mamangâ€™s Pizzeria BF Homes","Italian","5","(12)","Parañaque City",""
"n1me","Subway ","Subway - PITX","Sandwiches","4.6","(500+)","Parañaque City","PITX"
"k98b","Hap Chan ","Hap Chan - PITX","Chinese","5","(3)","Parañaque City","PITX"
"eeij","Concordia's Cafe ","Concordia's Cafe - ParaÃ±aque","Filipino","5","(1)","Parañaque City","ParaÃ±aque"
"s1kq","CafeFrance ","CafeFrance - Park & Shop","Sandwiches","4.8","(100+)","Parañaque City","Park & Shop"
"h4xm","Pim's Roasters ","Pim's Roasters - President's Avenue","Chicken","4.4","(7)","Parañaque City","President's Avenue"
"nkdh","PICKUP COFFEE ","PICKUP COFFEE - PITX-Paranaque","Coffee","4.2","(59)","Parañaque City","Paranaque"
"h7gz","Serenitea ","Serenitea - BF Homes","Milk Tea","4.8","(1000+)","Parañaque City","BF Homes"
"phyc","Fortune Bakeshop ","Fortune Bakeshop - BF Homes","Bread","4.9","(100+)","Parañaque City","BF Homes"
"gpih","Aling Lucy's Pansiterya Tapsilog ","Aling Lucy's Pansiterya Tapsilog - Aguirre","Pancit","4.9","(26)","Parañaque City","Aguirre"
"tq3d","Little Quiapo ","Little Quiapo - Aguirre Avenue","Filipino","4.8","(100+)","Parañaque City","Aguirre Avenue"
"zqn7","Highlands Coffee ","Highlands Coffee - PITX","Coffee","4.5","(500+)","Parañaque City","PITX"
"pjwj","Mang Domeng's Bibingka ","Mang Domeng's Bibingka - Puregold Southpark","Cakes","4.5","(14)","Parañaque City","Puregold Southpark"
"w1ti","Binalot ","Binalot - PITX","Filipino","4.6","(100+)","Parañaque City","PITX"
"vvyg","Chammie ","Chammie - Sucat","Pancit","4","(23)","Parañaque City","Sucat"
"ludc","Taters ","Taters - PITX","Snacks","4.8","(13)","Parañaque City","PITX"
"gd6f","Wendy's ","Wendy's - PNX Sucat","Burgers","4.7","(5000+)","Parañaque City","PNX Sucat"
"mfpe","D' Original Pares ","D' Original Pares - Sucat","Filipino","4.7","(500+)","Parañaque City","Sucat"
"tmt0","Laurel's Bakehouse PH ","Laurel's Bakehouse PH - Goodwill Subdivision","Cakes","4.9","(97)","Parañaque City","Goodwill Subdivision"
"waav","R. Lapid's Chicharon and Barbecue ","R. Lapid's Chicharon and Barbecue - Sucat Road","Snacks","4.8","(9)","Parañaque City","Sucat Road"
"t1cj","Krispy Kreme ","Krispy Kreme - PITX","Donut","4.7","(78)","Parañaque City","PITX"
"c54z","Tiger Sugar ","Tiger Sugar - BF Homes","Milk Tea","4.7","(100+)","Parañaque City","BF Homes"
"vtxd","KETO GOODIES PH ","KETO GOODIES PH - ARMVET PLACE","Filipino","4","(10)","Parañaque City","ARMVET PLACE"
"pedo","Arcana Cafe ","Arcana Cafe - PITX","Cakes","4","(1)","Parañaque City","PITX"
"r4iz","Starlight Bed and Breakfast ","Starlight Bed and Breakfast - Park Avenue","Filipino","4.6","(500+)","Pasay City","Park Avenue"
"t4tm","Capitol x Harlem Restaurant ","Capitol x Harlem Restaurant - Arnaiz","Filipino","4.4","(4000+)","Pasay City","Arnaiz"
"s2ys","Bakahan at Manukan ","Bakahan at Manukan - Roxas Boulevard","Filipino","4.6","(1000+)","Pasay City","Roxas Boulevard"
"yuh4","Leega Korean Restaurant ","Leega Korean Restaurant - Pasay City","Korean","5","(3)","Pasay City","Pasay City"
"r1ot","Tetam's Tapsihan ","Tetam's Tapsihan - Dimasalang","Filipino","4.7","(3000+)","Pasay City","Dimasalang"
"r7qr","Shakey's Pizza ","Shakey's Pizza - Domestic","Pizza","4.6","(1000+)","Pasay City","Domestic"
"oi2y","Chansel Pizza Haus ","Chansel Pizza Haus - Liana's Superstore Leveriza","Pizza","4.4","(27)","Pasay City","Liana's Superstore Leveriza"
"b7ch","Cardo's Tapsihan ","Cardo's Tapsihan - Villanueva","Filipino","4.5","(4000+)","Pasay City","Villanueva"
"d6cg","Mei Wei Delicious Chinese Kitchen ","Mei Wei Delicious Chinese Kitchen - Asiatel Building","Chinese","4.9","(55)","Pasay City","Asiatel Building"
"rscn","King Fu ","King Fu - Victory Pasay Mall","Chinese","4.3","(39)","Pasay City","Victory Pasay Mall"
"iopr","Captain Patrick's Pizza Kiosk ","Captain Patrick's Pizza Kiosk - Victory Pasay Mall","Pizza","4.2","(100+)","Pasay City","Victory Pasay Mall"
"vcji","New Winston Hotel ","New Winston Hotel - Tramo","Noodles","4.5","(100+)","Pasay City","Tramo"
"h7on","Piggy Papa ","Piggy Papa - Victory Pasay Mall","Filipino","4.9","(28)","Pasay City","Victory Pasay Mall"
"z8ks","Potato Corner ","Potato Corner - Salem Complex","Fries","4.8","(100+)","Pasay City","Salem Complex"
"j0en","Master Siomai ","Master Siomai - Victory Mall Pasay","Siomai","4.9","(81)","Pasay City","Victory Mall Pasay"
"nn1d","Ayeth And Ate Len Tapsilogan ","Ayeth And Ate Len Tapsilogan - P Villanueva","Silog","4.4","(100+)","Pasay City","P Villanueva"
"xlmq","Marinduqueno's Litson Manok ","Marinduqueno's Litson Manok - FB Harrison Street","BBQ","4.9","(100+)","Pasay City","FB Harrison Street"
"k1td","KR Boodle Fight ","KR Boodle Fight - Victory Mall","Rice Dishes","4.4","(500+)","Pasay City","Victory Mall"
"w6ji","Takam Chan ","Takam Chan - Pasay","Filipino","4","(500+)","Pasay City","Pasay"
"e7yk","McDonald's ","McDonald's - Taft Libertad","Fast Food","4.5","(10000+)","Pasay City","Taft Libertad"
"y8nh","Shawarma Shack ","Shawarma Shack - Victory Mall Pasay","Shawarma","4.6","(500+)","Pasay City","Victory Mall Pasay"
"so6t","Salo Restaurant ","Salo Restaurant - Kabayan Hotel","Filipino","4.8","(100+)","Pasay City","Kabayan Hotel"
"kqmi","Masita Eatery Opc ","Masita Eatery Opc - Cartimar Shopping Center","Korean","4.8","(38)","Pasay City","Cartimar Shopping Center"
"y0g6","Maxi's Corner ","Maxi's Corner - Tramo Street","Asian","5","(2)","Pasay City","Tramo Street"
"g9iq","Bruzko Sizzling House ","Bruzko Sizzling House - Victory Mall","Filipino","4.4","(1000+)","Pasay City","Victory Mall"
"xx6v","Korean Street Food ","Korean Street Food - Epifanio Delos Santos","Korean","4.4","(1000+)","Pasay City","Epifanio Delos Santos"
"wkzs","Balai Pandesal ","Balai Pandesal - PITX","Sandwiches","4.9","(5)","Pasay City","PITX"
"tlfz","LUGAW REPUBLIC ","LUGAW REPUBLIC -  Taft Ave LRT 1 EDSA station","Porridge","4.3","(100+)","Pasay City","Taft Ave LRT 1 EDSA station"
"n2nr","Fruitas ","Fruitas - Wellcome Plaza","Fruit Shake","4.8","(100+)","Pasay City","Wellcome Plaza"
"u6xb","Gelous Tapsilugan ","Gelous Tapsilugan - P Villanueva Street","Filipino","4.7","(5000+)","Pasay City","P Villanueva Street"
"rawr","Hungry Barry ","Hungry Barry - Pasay","Chicken","4.6","(5)","Pasay City","Pasay"
"ibti","Doloraâ€™s Hauz Of Pancit Malabon ","Doloraâ€™s Hauz Of Pancit Malabon - Leveriza","Pancit","4.9","(100+)","Pasay City","Leveriza"
"s6sb","Ato's Chinoy Food Express ","Ato's Chinoy Food Express - Zamora Street","Chinese","4.6","(2000+)","Pasay City","Zamora Street"
"xh49","RBX Rice in a Box ","RBX Rice in a Box - Victory Mall Pasay","Rice Bowl","4.5","(37)","Pasay City","Victory Mall Pasay"
"lald","Daily Drip ","Daily Drip -  Don Carlos Revilla","Coffee","4.5","(72)","Pasay City","Don Carlos Revilla"
"o3td","The Crunch ","The Crunch - Pasay","Fried Chicken","4.9","(38)","Pasay City","Pasay"
"a5oz","Kalsada Burger ","Kalsada Burger - Zamora Sky Tower","Burgers","5","(1)","Pasay City","Zamora Sky Tower"
"uqza","Nats Food House ","Nats Food House - Don Carlos Revilla Street","Filipino","4.7","(63)","Pasay City","Don Carlos Revilla Street"
"ptxw","#PAREStayo ","#PAREStayo - Edsa","Filipino","2.7","(10)","Pasay City","Edsa"
"d72v","Bella Sweets ","Bella Sweets - Maricaban","Desserts","4.8","(100+)","Pasay City","Maricaban"
"y6eu","OtakaTea ","OtakaTea - Aurora Boulevard","Milk Tea","4.2","(500+)","Pasay City","Aurora Boulevard"
"pyt5","Mangrae ","Mangrae - Harrison","Fruit Shake","4.2","(100+)","Pasay City","Harrison"
"w8mu","Murakami ","Murakami - Pasay","Japanese","4.8","(100+)","Pasay City","Pasay"
"zgw0","Chimmy ","Chimmy - Victory Pasay Mall","Milk Tea","5","(9)","Pasay City","Victory Pasay Mall"
"f0p6","Mango Float Supreme Manila ","Mango Float Supreme Manila - Victory Mall Pasay","Fruit Shake","4.7","(67)","Pasay City","Victory Mall Pasay"
"s9we","Kenny Rogers Roasters ","Kenny Rogers Roasters - Pasig Boulevard Kapitolyo","Chicken","4.7","(1000+)","Pasig City","Pasig Boulevard Kapitolyo"
"cfn1","Mexicano Bueno ","Mexicano Bueno - One 88 Place","Rice Bowl","3.8","(2)","Pasig City","One 88 Place"
"p3aw","Caramia Cakes & Gelato ","Caramia Cakes & Gelato - Estancia","Cakes","4.9","(500+)","Pasig City","Estancia"
"lklk","Tah","Tah-Mee - SM City East Ortigas","Ice Cream","2.8","(14)","Pasig City","SM City East Ortigas"
"bkqk","New Bistro Deli ","New Bistro Deli - SM City East Ortigas","Sandwiches","4.9","(100+)","Pasig City","SM City East Ortigas"
"ocmu","B1T1 Takeaway Coffee ","B1T1 Takeaway Coffee - Capitol Commons","Coffee","4.6","(28)","Pasig City","Capitol Commons"
"s7lm","BonChon ","BonChon - SM East Ortigas","Chicken","4.6","(4000+)","Pasig City","SM East Ortigas"
"h8se","Sisig Hooray ","Sisig Hooray - SM City East Ortigas","Sisig","4.7","(500+)","Pasig City","SM City East Ortigas"
"rt97","Angkan Coffee ","Angkan Coffee - Capitol Commons","Coffee","4.7","(18)","Pasig City","Capitol Commons"
"h2id","Zark's Burgers ","Zark's Burgers - SM East Ortigas","American","4.5","(500+)","Pasig City","SM East Ortigas"
"gfbl","Mazendo x Chatime ","Mazendo x Chatime - Capital Commons","Milk Tea","4.2","(51)","Pasig City","Capital Commons"
"edoe","Chix R Us ","Chix R Us - One 88 Compound","Chicken","4","(100+)","Pasig City","One 88 Compound"
"v7co","Lemon Stop ","Lemon Stop - SM City East Ortigas","Beverages","4.6","(100+)","Pasig City","SM City East Ortigas"
"r1um","Nid's Balot 'n Bilao ","Nid's Balot 'n Bilao - Shaw Hillcrest","Filipino","4.6","(2000+)","Pasig City","Shaw Hillcrest"
"n0dx","Kuya J ","Kuya J - SM Ortigas East","Filipino","4.7","(500+)","Pasig City","SM Ortigas East"
"qqt0","Macao Imperial Tea ","Macao Imperial Tea - SM East Ortigas","Beverages","4.4","(100+)","Pasig City","SM East Ortigas"
"r4kg","Banana Leaf ","Banana Leaf - Estancia Mall","Thai","4.7","(500+)","Pasig City","Estancia Mall"
"rrmg","Lemon Square Bakery Treats ","Lemon Square Bakery Treats - Sixto Pasig","Cakes","4.8","(500+)","Pasig City","Sixto Pasig"
"olsz","Goodah ","Goodah - Pasig","Filipino","4.6","(1000+)","Pasig City","Pasig"
"unk6","Domino's Pizza ","Domino's Pizza - Pasig Bayan","Pizza","4.5","(500+)","Pasig City","Pasig Bayan"
"i0qm","Bacolod Chicken Inasal ","Bacolod Chicken Inasal - Metrowalk","Filipino","4.5","(100+)","Pasig City","Metrowalk"
"spk1","Corner Pizza ","Corner Pizza - SM East Ortigas","Pizza","4","(74)","Pasig City","SM East Ortigas"
"fjod","Takam ","Takam - One 88 Compound","Filipino","4.5","(100+)","Pasig City","One 88 Compound"
"d8df","Chammie Pasig ","Chammie Pasig - Sandoval Ave.","Filipino","3.9","(100+)","Pasig City","Sandoval Ave."
"hvzt","Egg Stop ","Egg Stop - SM East Ortigas","Sandwiches","5","(3)","Pasig City","SM East Ortigas"
"f1op","Boba Ka Tea ","Boba Ka Tea - Kapasigan","Milk Tea","3.7","(100+)","Pasig City","Kapasigan"
"tedc","Happy Shawarma ","Happy Shawarma - Bagong Ilog","Middle Eastern","4.8","(4)","Pasig City","Bagong Ilog"
"t0de","Fresh Deli ","Fresh Deli - SM City East Ortigas","Fruit Shake","4.6","(100+)","Pasig City","SM City East Ortigas"
"dtoe","Frazz Bar and Restaurant ","Frazz Bar and Restaurant - Metrowalk Commercial Complex","Filipino","3.4","(6)","Pasig City","Metrowalk Commercial Complex"
"a3hr","Miguelito's Avocado Locco ","Miguelito's Avocado Locco - SM City East","Ice Cream","4.6","(100+)","Pasig City","SM City East"
"z0vi","BreadTalk ","BreadTalk - SM City East Ortigas","Sandwiches","4.2","(70)","Pasig City","SM City East Ortigas"
"s5vz","Tully's Coffee ","Tully's Coffee - Exchange Regency Building","Coffee","4.4","(97)","Pasig City","Exchange Regency Building"
"h3sk","Kalsada Burger ","Kalsada Burger - Kapasigan","Burgers","4.6","(100+)","Pasig City","Kapasigan"
"irx4","SeÃ±or Birria ","SeÃ±or Birria - Barangay Palatiw","Wraps","4.4","(500+)","Pasig City","Barangay Palatiw"
"gnzx","Kaya Restaurant ","Kaya Restaurant - Capitol Commons","Korean","4.9","(62)","Pasig City","Capitol Commons"
"r0iw","Clash of Burgers ","Clash of Burgers - Kapasigan","Burgers","4.5","(500+)","Pasig City","Kapasigan"
"azpj","Alvinâ€™s Takoyaki Supreme ","Alvinâ€™s Takoyaki Supreme - Bagong Ilog","Takoyaki","3.9","(22)","Pasig City","Bagong Ilog"
"zgkx","Teasmozza Cafe ","Teasmozza Cafe - E Santos","Milk Tea","1.8","(5)","Pasig City","E Santos"
"v8uc","Noriter Chicken & Beer Korean Restaurant ","Noriter Chicken & Beer Korean Restaurant - Julia Vargas Avenue","Korean","4.9","(100+)","Pasig City","Julia Vargas Avenue"
"r6ql","4K's Home","4K's Home-made Specialties and Catering Services","Filipino","4.6","(1000+)","Pasig City","made Specialties and Catering Services"
"v2u2","Grilled Burger Factory ","Grilled Burger Factory - Bagong Ilog","Burgers","4.6","(100+)","Pasig City","Bagong Ilog"
"dsb1","Happy Cup ","Happy Cup - SM City East Ortigas","Milk Tea","4.7","(53)","Pasig City","SM City East Ortigas"
"h9xi","Insan's Kitchen","Insan's Kitchen","Indian","5","(1)","Pasig City",""
"xa3n","Sbarro ","Sbarro - Estancia Mall","Pizza","4.7","(100+)","Pasig City","Estancia Mall"
"s6ml","Big Chill ","Big Chill - Exchange Road","Beverages","4.8","(100+)","Pasig City","Exchange Road"
"q6fq","Army Navy ","Army Navy - Araneta","Burgers","4.8","(4000+)","Quezon City","Araneta"
"kxfn","Wingfinity And Beyond Food Ventures Inc ","Wingfinity And Beyond Food Ventures Inc - Roosevelt Avenue","Chicken","4.8","(100+)","Quezon City","Roosevelt Avenue"
"vta3","Take Me Out by Novotel ","Take Me Out by Novotel - Novotel Manila Araneta City","American","4.8","(100+)","Quezon City","Novotel Manila Araneta City"
"i2yh","Burgoo ","Burgoo - Gateway","Seafood","4.3","(78)","Quezon City","Gateway"
"e7nc","King Sisig ","King Sisig - Farmers Plaza","Filipino","4.5","(100+)","Quezon City","Farmers Plaza"
"bmso","Chick 'n Juicy ","Chick 'n Juicy - Zamora Street","Chicken","4.5","(100+)","Quezon City","Zamora Street"
"ba12","MASAchan Japanese Fried Chicken & Rice Bowls ","MASAchan Japanese Fried Chicken & Rice Bowls - Ali Mall","Rice Bowl","3.7","(91)","Quezon City","Ali Mall"
"p56m","Awesome Kitchen Korean Snack Food ","Awesome Kitchen Korean Snack Food - Arcade 7","Korean","4.7","(100+)","Quezon City","Arcade 7"
"s3ty","Taco Bell ","Taco Bell - Cyber Park Tower-1","Wraps","4.4","(2000+)","Quezon City","1"
"ryy7","Shake Shack ","Shake Shack - Gateway Mall","American","4.7","(100+)","Quezon City","Gateway Mall"
"vbpk","Big Boss Chicken ","Big Boss Chicken - E Rodriguez Senior Avenue","Fried Chicken","4.7","(19)","Quezon City","E Rodriguez Senior Avenue"
"ua91","Chijeu Chijeu  ","Chijeu Chijeu  - Ali Mall","Dumpling","4.7","(26)","Quezon City","Ali Mall"
"ylmd","Meokja Dosirak Korean Food House ","Meokja Dosirak Korean Food House - JP Rizal Street","Korean","4.4","(100+)","Quezon City","JP Rizal Street"
"qy2k","Peppers Pizza ","Peppers Pizza - Project 4","Pizza","4.6","(100+)","Quezon City","Project 4"
"rnch","Lugaw Pilipinas ","Lugaw Pilipinas - 15th Ave Cubao","Filipino","4.6","(1000+)","Quezon City","15th Ave Cubao"
"r3uv","Agezuki Japanese Cuisine ","Agezuki Japanese Cuisine - Blue Ridge","Japanese","4.4","(100+)","Quezon City","Blue Ridge"
"g6dm","Cafe Guilt ","Cafe Guilt - Scout Castor","Beverages","2.6","(11)","Quezon City","Scout Castor"
"es9a","Fei Mui Premium Roasts ","Fei Mui Premium Roasts - Katipunan Avenue","Chinese","4.9","(60)","Quezon City","Katipunan Avenue"
"r8kr","Chowking ","Chowking - EDSA-Arayat","Fast Food","4.7","(5000+)","Quezon City","Arayat"
"b4uy","Persiana Kebab & Shawarma ","Persiana Kebab & Shawarma - Katipunan Avenue Extension","Middle Eastern","4.7","(55)","Quezon City","Katipunan Avenue Extension"
"t3co","Oh My Tea ","Oh My Tea - Ali Mall","Desserts","4.8","(35)","Quezon City","Ali Mall"
"a0y6","Ling Nam Fried Siopao & Johnn Lemon ","Ling Nam Fried Siopao & Johnn Lemon - JC Plaza","Chinese","4.9","(24)","Quezon City","JC Plaza"
"owan","Mangan ","Mangan - Gateway Mall","Ulam","4.5","(64)","Quezon City","Gateway Mall"
"ix34","Subway ","Subway - Ali Mall","American","4.4","(100+)","Quezon City","Ali Mall"
"d1vt","Rice Rocket ","Rice Rocket - Shopwise Araneta Center","Asian","4.7","(100+)","Quezon City","Shopwise Araneta Center"
"frp9","Gorudo Ramen ","Gorudo Ramen - Katipunan","Japanese","4.8","(77)","Quezon City","Katipunan"
"rob8","Chooks! ","Chooks! - Ali Mall","Chicken","4.1","(100+)","Quezon City","Ali Mall"
"nlyu","Home Table Deli ","Home Table Deli - Katipunan Avenue","American","4.5","(100+)","Quezon City","Katipunan Avenue"
"k8oz","Shiok Shiok Singapore Famous Hawker Food ","Shiok Shiok Singapore Famous Hawker Food - Katipunan Avenue","Chinese","4.6","(100+)","Quezon City","Katipunan Avenue"
"n8sh","Rairaiken ","Rairaiken - Ali Mall","Japanese","4.5","(100+)","Quezon City","Ali Mall"
"s2qw","Sabroso Lechon ","Sabroso Lechon - Katipunan","Lechon","4.5","(100+)","Quezon City","Katipunan"
"i6fz","Gotfoods ","Gotfoods - Scout Tobias","Filipino","4.6","(500+)","Quezon City","Scout Tobias"
"y0vd","Aling Banang ","Aling Banang - Pinatubo","Filipino","4.7","(4000+)","Quezon City","Pinatubo"
"q0el","The Little Joy Bakery ","The Little Joy Bakery - Cubao","Cakes","4.6","(2000+)","Quezon City","Cubao"
"g3e6","Mango Float Supreme Manila ","Mango Float Supreme Manila - Ali Mall","Fruit Shake","3.5","(41)","Quezon City","Ali Mall"
"labs","Mang Domeng's Bibingka ","Mang Domeng's Bibingka - Puregold Cubao","Desserts","2.8","(13)","Quezon City","Puregold Cubao"
"f8jr","Pho Hoa ","Pho Hoa - Ali Mall","Noodles","4.8","(100+)","Quezon City","Ali Mall"
"tew4","Moonleaf Tea Shop ","Moonleaf Tea Shop - Scout Tobias","Milk Tea","4.9","(22)","Quezon City","Scout Tobias"
"w6ao","The Alley ""It's time for Tea"" ","The Alley ""It's time for Tea"" - Ali Mall","Milk Tea","4.9","(100+)","Quezon City","Ali Mall"
"cto3","Lemon O Wala ","Lemon O Wala - Kamuning","Milk Tea","4.6","(100+)","Quezon City","Kamuning"
"p0b1","Goto King ","Goto King - 20th Avenue","Filipino","4.6","(80)","Quezon City","20th Avenue"
"hgvt","Tata Pino's ","Tata Pino's - Morato Street","Filipino","4.4","(500+)","Quezon City","Morato Street"
"d8za","Golden Baboy ","Golden Baboy - Manhattan Plaza","Korean","4.6","(100+)","Quezon City","Manhattan Plaza"
"gs65","GuGu Manju ","GuGu Manju - Ali Mall","Korean","4.5","(100+)","Quezon City","Ali Mall"
"kwou","Chica's Bagnet Express ","Chica's Bagnet Express - 17th Avenue Cubao","Liempo","2.9","(42)","Quezon City","17th Avenue Cubao"
"goaf","Baby","Baby-Q - E Rodriguez Senior Avenue","Filipino","5","(11)","Quezon City","E Rodriguez Senior Avenue"
"umw5","Sushi Town ","Sushi Town - Santolan","Sushi","4.8","(5)","San Juan","Santolan"
"c6vk","Lots'a Pizza ","Lots'a Pizza - Greenhills Shopping Center","Pizza","4.7","(100+)","San Juan","Greenhills Shopping Center"
"b4yo","Bacolod Chicken Inasal ","Bacolod Chicken Inasal - Greenhills","Filipino","4.8","(500+)","San Juan","Greenhills"
"nj63","Rarjap Sushi House ","Rarjap Sushi House - 4th West Crame","Japanese","4.5","(100+)","San Juan","4th West Crame"
"s8pp","Dairy Queen ","Dairy Queen - Theatre Mall","Ice Cream","4.8","(100+)","San Juan","Theatre Mall"
"ywl6","Casa Daza By Chef Sandy ","Casa Daza By Chef Sandy - Promenade","Filipino","4.9","(68)","San Juan","Promenade"
"y29g","BENTO ","BENTO - GO - Santolan","Rice Bowl","5","(5)","San Juan","Santolan"
"uxxz","Uncle John's ","Uncle John's - Madison Square N Domingo","Fried Chicken","3.6","(30)","San Juan","Madison Square N Domingo"
"a1fk","Mama Valenciana ","Mama Valenciana - Greenhills","Filipino","4.7","(100+)","San Juan","Greenhills"
"u6b0","Fruitas & De Original Jamaican Pattie Shop and Juice Bar ","Fruitas & De Original Jamaican Pattie Shop and Juice Bar - North Domingo Street","Fruit Shake","4.7","(100+)","San Juan","North Domingo Street"
"oiyl","Koomi ","Koomi - Greenhills","Beverages","4.8","(100+)","San Juan","Greenhills"
"n0qw","Serenitea ","Serenitea - Greenhills","Milk Tea","4.7","(1000+)","San Juan","Greenhills"
"q9ho","Big Guys! Pizza ","Big Guys! Pizza - N. Domingo","Pizza","4.6","(500+)","San Juan","N. Domingo"
"i6vv","Lotus Tea and Coffee ","Lotus Tea and Coffee - San Juan","Beverages","4.6","(33)","San Juan","San Juan"
"q0av","Subway ","Subway - Greenhills","Sandwiches","4.6","(2000+)","San Juan","Greenhills"
"ths5","Manam's Pancit Pancitan ","Manam's Pancit Pancitan - San Juan","Filipino","4.5","(100+)","San Juan","San Juan"
"set6","Fusion Ramen ","Fusion Ramen - Santolan","Ramen","5","(4)","San Juan","Santolan"
"b1vu","Sisig Hooray ","Sisig Hooray - Theater Mall Greenhills","Sisig","4.8","(100+)","San Juan","Theater Mall Greenhills"
"uoty","I Love Milktea ","I Love Milktea - Greenhills","Milk Tea","4.3","(100+)","San Juan","Greenhills"
"fm8q","Chicken Chingu ","Chicken Chingu - Luna Mencias Street","Fried Chicken","4.3","(100+)","San Juan","Luna Mencias Street"
"q4ac","RACKS ","RACKS - Greenhills","American","4.6","(1000+)","San Juan","Greenhills"
"ghot","Peri","Peri-Peri Charcoal Chicken & Sauce Bar  - Greenhills","Chicken","3.7","(85)","San Juan","Greenhills"
"rb10","Rarjap Rice N Box ","Rarjap Rice N Box - Santolan Road","Filipino","4.7","(100+)","San Juan","Santolan Road"
"ve95","K","K-Egg - West Crame","Sandwiches","3.4","(3)","San Juan","West Crame"
"r5jq","Classic Savory ","Classic Savory - Greenhills","Chicken","4.6","(100+)","San Juan","Greenhills"
"l4pw","Bulacan Lugaw Kitchen ","Bulacan Lugaw Kitchen - Greenhills","Filipino","4.7","(500+)","San Juan","Greenhills"
"v5nf","Reyes Barbecue ","Reyes Barbecue - F Manalo","Chicken","4.6","(100+)","San Juan","F Manalo"
"qnke","Black Scoop Cafe ","Black Scoop Cafe - Greenhills","Milk Tea","4.2","(100+)","San Juan","Greenhills"
"cqlj","Ramen Shokudo ","Ramen Shokudo - Sonema Square","Ramen","4.8","(52)","San Juan","Sonema Square"
"v6gx","SGS House of Minis ","SGS House of Minis - Greenhills","American","4.6","(100+)","San Juan","Greenhills"
"g6tj","Persian Kebab House ","Persian Kebab House - San Juan","Middle Eastern","4.7","(64)","San Juan","San Juan"
"cc32","Babot's Farm ","Babot's Farm - Promenade Walkway","Healthy","5","(60)","San Juan","Promenade Walkway"
"q0rs","Shrimp Bucket ","Shrimp Bucket - San Juan","Seafood","4.7","(40)","San Juan","San Juan"
"t2uw","Giligan's ","Giligan's - Greenhills","Filipino","4.7","(500+)","San Juan","Greenhills"
"du3z","ONIL's Resto Bar ","ONIL's Resto Bar - Santolan Road","Asian","4.5","(100+)","San Juan","Santolan Road"
"clb0","Oh My Greek (OMG) ","Oh My Greek (OMG) - Greenhills","Healthy","4.5","(100+)","San Juan","Greenhills"
"axy1","Goldilocks ","Goldilocks - Greenhills Shopping Center","Cakes","4.7","(100+)","San Juan","Greenhills Shopping Center"
"isg0","Las Paellas ","Las Paellas - Greenhills Promenade","Pasta","5","(6)","San Juan","Greenhills Promenade"
"q6cz","Auntie Anne's ","Auntie Anne's - Greenhills","Bread","4.8","(500+)","San Juan","Greenhills"
"eu5i","MatTEAu's ","MatTEAu's - V Mall Greenhills","Halo-Halo","4.6","(100+)","San Juan","V Mall Greenhills"
"g5ka","Egg Depot ","Egg Depot - Greenhills Theater Mall","Filipino","4.6","(100+)","San Juan","Greenhills Theater Mall"
"o4om","Mister Donut ","Mister Donut - Greenhills","Donut","4.6","(100+)","San Juan","Greenhills"
"w5ms","Grateatude ","Grateatude - QC San Juan","Milk Tea","4.8","(100+)","San Juan","QC San Juan"
"edvr","Corndog 28 ","Corndog 28 - N Domingo Street","Corndogs","4.6","(37)","San Juan","N Domingo Street"
"mt5y","House of Lasagna Jr. ","House of Lasagna Jr. - N Domingo Street","Pasta","4.6","(100+)","San Juan","N Domingo Street"
"b7jf","Yellow Cab ","Yellow Cab - Greenhills","Pizza","4.7","(100+)","San Juan","Greenhills"
"p4tc","Brotzeit ","Brotzeit - BGC","30 min","4.7","(500+)","Taguig City","BGC"
"q3qe","M bakery ","M bakery - One Bonifacio High","Cakes","4.6","(1000+)","Taguig City","One Bonifacio High"
"k2ye","Loft Cafe by Unit 27 ","Loft Cafe by Unit 27 - Forbeswood","Filipino","4.3","(28)","Taguig City","Forbeswood"
"t2az","Pancake House ","Pancake House - Burgos Circle","American","4.8","(1000+)","Taguig City","Burgos Circle"
"z9vu","Highlands Coffee ","Highlands Coffee - W City","Coffee","4.6","(100+)","Taguig City","W City"
"q1fy","Maisen","Maisen- Shangri-la BGC","Japanese","4.8","(1000+)","Taguig City","la BGC"
"x0dj","Mimi & Bros ","Mimi & Bros - 32nd Street","American","4.7","(100+)","Taguig City","32nd Street"
"s3sq","Burger King ","Burger King - BGC W City Center","Burgers","4.7","(1000+)","Taguig City","BGC W City Center"
"s5ea","Basil ","Basil - One Bonifacio High Street Mall","Thai","4.4","(500+)","Taguig City","One Bonifacio High Street Mall"
"ke1u","Harlan + Holden Coffee  ","Harlan + Holden Coffee  - 28th St & 3rd BGC ( Because Coffee )","Coffee","5","(10)","Taguig City","28th St & 3rd BGC ( Because Coffee )"
"lucx","Baker J ","Baker J - BGC","Bread","4.9","(8)","Taguig City","BGC"
"moqn","Soy & Bean ","Soy & Bean - Kensington Place BGC","Healthy","4.5","(100+)","Taguig City","Kensington Place BGC"
"q2ic","Chili's ","Chili's - BGC","American","4.7","(1000+)","Taguig City","BGC"
"gbfn","Khao Khai Thai Chicken House ","Khao Khai Thai Chicken House - BGC","Thai","4.8","(500+)","Taguig City","BGC"
"xyes","Dean & DeLuca ","Dean & DeLuca - ORE Central","American","4.9","(55)","Taguig City","ORE Central"
"b93q","Shaka Cafe ","Shaka Cafe - Burgos Circle Park","Healthy","4.8","(100+)","Taguig City","Burgos Circle Park"
"lr59","Big Belly Burger ","Big Belly Burger - Forbeswood Heights","Burgers","4","(16)","Taguig City","Forbeswood Heights"
"i8xu","i Darts DASH ","i Darts DASH - BGC","27000 min","4.7","(7)","Taguig City","BGC"
"r4ek","Noor ","Noor - Forbestown","Shawarma","4.4","(100+)","Taguig City","Forbestown"
"p2kw","Pinkâ€™s Burgers and Hotdogs ","Pinkâ€™s Burgers and Hotdogs - BGC","American","4.5","(500+)","Taguig City","BGC"
"t3o8","Happy Lemon ","Happy Lemon - Central Square Cinema","Milk Tea","4.8","(100+)","Taguig City","Central Square Cinema"
"t8ip","Alishan at The Alley ","Alishan at The Alley - ORE Central","Milk Tea","4.8","(500+)","Taguig City","ORE Central"
"g651","Malongo Atelier Barista ","Malongo Atelier Barista - High Street","Coffee","5","(1)","Taguig City","High Street"
"eo1p","Corned Beef King ","Corned Beef King - BGC","Rice Bowl","4.2","(100+)","Taguig City","BGC"
"f3lh","Keizo Restaurant ","Keizo Restaurant - BGC","Japanese","4.6","(500+)","Taguig City","BGC"
"xp5n","Pocofino ","Pocofino - BGC Corporate Center 2","Coffee","4.7","(67)","Taguig City","BGC Corporate Center 2"
"eju4","Angkan Coffee ","Angkan Coffee - W City Center","Coffee","4.7","(500+)","Taguig City","W City Center"
"zzsh","Goto Tendon ","Goto Tendon - BGC","Filipino","4.8","(500+)","Taguig City","BGC"
"y42q","CHIMAC Chicken & Beer ","CHIMAC Chicken & Beer - Forbestown","Chicken","4.8","(100+)","Taguig City","Forbestown"
"q8cw","SeÃ±or Pollo ","SeÃ±or Pollo - BGC","Chicken","4.6","(2000+)","Taguig City","BGC"
"ntx3","Taco Stop ","Taco Stop - BGC","Western","4.4","(100+)","Taguig City","BGC"
"ibk8","Pizza Sisters ","Pizza Sisters - Shangrila  BGC","Pizza","3.8","(10)","Taguig City","Shangrila  BGC"
"g9gi","Almacen Cantina ","Almacen Cantina - Forbeswood Parklane","Chicken","4.1","(10)","Taguig City","Forbeswood Parklane"
"q6sw","Raging Bull Burgers ","Raging Bull Burgers - BGC","Burgers","4.7","(3000+)","Taguig City","BGC"
"q1zd","SaladStop! ","SaladStop! - Burgos Circle","Salads","4.8","(3000+)","Taguig City","Burgos Circle"
"e2il","Nikkei Nama Bar ","Nikkei Nama Bar - BGC","Sushi","4.9","(100+)","Taguig City","BGC"
"hw7z","KD Sam","KD Sam-G! - Tipas","Rice Bowl","4.8","(5)","Taguig City","Tipas"
"l1pf","Sunae Asian Cantina ","Sunae Asian Cantina - BGC","Asian","4","(33)","Taguig City","BGC"
"o1wr","Bistro Madrid by Terry's ","Bistro Madrid by Terry's - Forbeswood Heights","Beverages","4","(30)","Taguig City","Forbeswood Heights"
"ioz6","Mango HeyHey ","Mango HeyHey - Ligid Tipas","Desserts","4.9","(43)","Taguig City","Ligid Tipas"
"uauj","Kape Dekada ","Kape Dekada - Tipas","Beverages","2.7","(8)","Taguig City","Tipas"
"g6dh","D' Original Tipas Bakery ","D' Original Tipas Bakery - Dinguinbayan","Bread","4.7","(100+)","Taguig City","Dinguinbayan"
"q0dm","Army Navy ","Army Navy - Net Quad","Burgers","4.6","(4000+)","Taguig City","Net Quad"
"w4do","Rice Rocket ","Rice Rocket - Net Quad","Asian","4.8","(500+)","Taguig City","Net Quad"
"s4th","Malongo Atelier Barista ","Malongo Atelier Barista - One Bonifacio","Cafe","4.7","(100+)","Taguig City","One Bonifacio"
"bkde","CoCo Fresh Tea & Juice ","CoCo Fresh Tea & Juice - W City Center","Milk Tea","4.8","(5000+)","Taguig City","W City Center"
"hknp","Dot Coffee ","Dot Coffee - W City Center","Coffee","4.7","(100+)","Taguig City","W City Center"
